Frame,Time_Seconds,Knee_Angle_Raw,Knee_Angle_SG,Hip_Angle_SG,Elbow_Angle_SG,Ground_Truth,Prediction
0,0.0,74.02732818974788,74.0273281897473,74.19228679206594,116.7090962907096,Standing,Squatting
1,0.03333333333333333,74.02732818974788,74.02732818974737,74.19228679206597,116.7090962907094,Standing,Squatting
2,0.06666666666666667,74.02732818974788,74.0273281897475,74.19228679206616,116.70909629070914,Standing,Squatting
3,0.1,74.02732818974788,74.02732818974751,74.19228679206611,116.70909629070914,Standing,Squatting
4,0.13333333333333333,74.02732818974788,74.02732818974756,74.19228679206617,116.70909629070914,Standing,Squatting
5,0.16666666666666666,74.02732818974788,74.02732818974785,74.19228679206651,116.70909629070891,Standing,Squatting
6,0.2,74.02732818974788,74.02732818974785,74.19228679206651,116.70909629070891,Standing,Squatting
7,0.23333333333333334,74.02732818974788,74.02732818974785,74.19228679206651,116.70909629070891,Standing,Squatting
8,0.26666666666666666,74.02732818974788,74.02732818974785,74.19228679206651,116.70909629070891,Standing,Squatting
9,0.3,74.02732818974788,74.02732818974785,74.19228679206651,116.70909629070891,Standing,Squatting
10,0.3333333333333333,74.02732818974788,74.02732818974785,74.19228679206651,116.70909629070891,Standing,Squatting
11,0.36666666666666664,74.02732818974788,74.02732818974785,74.19228679206651,116.70909629070891,Standing,Squatting
12,0.4,74.02732818974788,74.02732818974785,74.19228679206651,116.70909629070891,Standing,Squatting
13,0.43333333333333335,74.02732818974788,74.02732818974785,74.19228679206651,116.70909629070891,Standing,Squatting
14,0.4666666666666667,74.02732818974788,74.02732818974785,74.19228679206651,116.70909629070891,Standing,Squatting
15,0.5,74.02732818974788,74.02732818974785,74.19228679206651,116.70909629070891,Standing,Squatting
16,0.5333333333333333,74.02732818974788,74.02732818974785,74.19228679206651,116.70909629070891,Standing,Squatting
17,0.5666666666666667,74.02732818974788,74.02732818974785,74.19228679206651,116.70909629070891,Standing,Squatting
18,0.6,74.02732818974788,74.02732818974785,74.19228679206651,116.70909629070891,Standing,Squatting
19,0.6333333333333333,74.02732818974788,74.02732818974785,74.19228679206651,116.70909629070891,Standing,Squatting
20,0.6666666666666666,74.02732818974788,74.02732818974785,74.19228679206651,116.70909629070891,Standing,Squatting
21,0.7,74.02732818974788,74.02732818974785,74.19228679206651,116.70909629070891,Standing,Squatting
22,0.7333333333333333,74.02732818974788,74.02732818974785,74.19228679206651,116.70909629070891,Standing,Squatting
23,0.7666666666666667,74.02732818974788,74.02732818974785,74.19228679206651,116.70909629070891,Standing,Squatting
24,0.8,74.02732818974788,74.02732818974785,74.19228679206651,116.70909629070891,Standing,Squatting
25,0.8333333333333334,74.02732818974788,74.02732818974785,74.19228679206651,116.70909629070891,Standing,Squatting
26,0.8666666666666667,74.02732818974788,74.02732818974785,74.19228679206651,116.70909629070891,Standing,Squatting
27,0.9,74.02732818974788,74.02732818974785,74.19228679206651,116.70909629070891,Standing,Squatting
28,0.9333333333333333,74.02732818974788,74.02732818974785,74.19228679206651,116.70909629070891,Standing,Squatting
29,0.9666666666666667,74.02732818974788,74.02732818974785,74.19228679206651,116.70909629070891,Standing,Squatting
30,1.0,74.02732818974788,74.02732818974785,74.19228679206651,116.70909629070891,Standing,Squatting
31,1.0333333333333334,74.02732818974788,74.02732818974785,74.19228679206651,116.70909629070891,Standing,Squatting
32,1.0666666666666667,74.02732818974788,74.02732818974785,74.19228679206651,116.70909629070891,Standing,Squatting
33,1.1,74.02732818974788,74.02732818974785,74.19228679206651,116.70909629070891,Standing,Squatting
34,1.1333333333333333,74.02732818974788,74.02732818974785,74.19228679206651,116.70909629070891,Standing,Squatting
35,1.1666666666666667,74.02732818974788,74.02732818974785,74.19228679206651,116.70909629070891,Standing,Squatting
36,1.2,74.02732818974788,74.02732818974785,74.19228679206651,116.70909629070891,Standing,Squatting
37,1.2333333333333334,74.02732818974788,74.02732818974785,74.19228679206651,116.70909629070891,Standing,Squatting
38,1.2666666666666666,74.02732818974788,74.02732818974785,74.19228679206651,116.70909629070891,Standing,Squatting
39,1.3,74.02732818974788,74.02732818974785,74.19228679206651,116.70909629070891,Standing,Squatting
40,1.3333333333333333,74.02732818974788,74.02732818974785,74.19228679206651,116.70909629070891,Standing,Squatting
41,1.3666666666666667,74.02732818974788,74.02732818974785,74.19228679206651,116.70909629070891,Standing,Squatting
42,1.4,74.02732818974788,74.02732818974785,74.19228679206651,116.70909629070891,Standing,Squatting
43,1.4333333333333333,74.02732818974788,74.02732818974785,74.19228679206651,116.70909629070891,Standing,Squatting
44,1.4666666666666666,74.02732818974788,74.02732818974785,74.19228679206651,116.70909629070891,Standing,Squatting
45,1.5,74.02732818974788,74.02732818974785,74.19228679206651,116.70909629070891,Standing,Squatting
46,1.5333333333333334,74.02732818974788,74.02732818974785,74.19228679206651,116.70909629070891,Standing,Squatting
47,1.5666666666666667,74.02732818974788,74.02732818974785,74.19228679206651,116.70909629070891,Standing,Squatting
48,1.6,74.02732818974788,74.02732818974785,74.19228679206651,116.70909629070891,Standing,Squatting
49,1.6333333333333333,74.02732818974788,74.02732818974785,74.19228679206651,116.70909629070891,Standing,Squatting
50,1.6666666666666667,74.02732818974788,74.02732818974785,74.19228679206651,116.70909629070891,Standing,Squatting
51,1.7,74.02732818974788,74.02732818974785,74.19228679206651,116.70909629070891,Standing,Squatting
52,1.7333333333333334,74.02732818974788,74.02732818974785,74.19228679206651,116.70909629070891,Standing,Squatting
53,1.7666666666666666,74.02732818974788,74.02732818974785,74.19228679206651,116.70909629070891,Standing,Squatting
54,1.8,74.02732818974788,74.02732818974785,74.19228679206651,116.70909629070891,Standing,Squatting
55,1.8333333333333333,74.02732818974788,74.02732818974785,74.19228679206651,116.70909629070891,Standing,Squatting
56,1.8666666666666667,74.02732818974788,74.02732818974785,74.19228679206651,116.70909629070891,Standing,Squatting
57,1.9,74.02732818974788,74.02732818974785,74.19228679206651,116.70909629070891,Standing,Squatting
58,1.9333333333333333,74.02732818974788,74.02732818974785,74.19228679206651,116.70909629070891,Standing,Squatting
59,1.9666666666666666,74.02732818974788,74.02732818974785,74.19228679206651,116.70909629070891,Standing,Squatting
60,2.0,74.02732818974788,74.02732818974785,74.19228679206651,116.70909629070891,Standing,Squatting
61,2.033333333333333,74.02732818974788,74.02732818974785,74.19228679206651,116.70909629070891,Standing,Squatting
62,2.066666666666667,74.02732818974788,74.02732818974785,74.19228679206651,116.70909629070891,Standing,Squatting
63,2.1,74.02732818974788,74.02732818974785,74.19228679206651,116.70909629070891,Standing,Squatting
64,2.1333333333333333,74.02732818974788,74.02732818974785,74.19228679206651,116.70909629070891,Standing,Squatting
65,2.1666666666666665,74.02732818974788,74.02732818974785,74.19228679206651,116.70909629070891,Standing,Squatting
66,2.2,74.02732818974788,74.02732818974785,74.19228679206651,116.70909629070891,Standing,Squatting
67,2.2333333333333334,74.02732818974788,74.02732818974785,74.19228679206651,116.70909629070891,Standing,Squatting
68,2.2666666666666666,74.02732818974788,74.02732818974785,74.19228679206651,116.70909629070891,Standing,Squatting
69,2.3,74.02732818974788,74.02732818974785,74.19228679206651,116.70909629070891,Standing,Squatting
70,2.3333333333333335,74.02732818974788,74.02732818974785,74.19228679206651,116.70909629070891,Standing,Squatting
71,2.3666666666666667,74.02732818974788,74.02732818974785,74.19228679206651,116.70909629070891,Standing,Squatting
72,2.4,74.02732818974788,74.02732818974785,74.19228679206651,116.70909629070891,Standing,Squatting
73,2.433333333333333,74.02732818974788,74.02732818974785,74.19228679206651,116.70909629070891,Standing,Squatting
74,2.466666666666667,74.02732818974788,74.02732818974785,74.19228679206651,116.70909629070891,Standing,Squatting
75,2.5,74.02732818974788,74.02732818974785,74.19228679206651,116.70909629070891,Standing,Squatting
76,2.533333333333333,74.02732818974788,74.02732818974785,74.19228679206651,116.70909629070891,Standing,Squatting
77,2.566666666666667,74.02732818974788,74.02732818974785,74.19228679206651,116.70909629070891,Standing,Squatting
78,2.6,74.02732818974788,74.02732818974785,74.19228679206651,116.70909629070891,Standing,Squatting
79,2.6333333333333333,74.02732818974788,74.02732818974785,74.19228679206651,116.70909629070891,Standing,Squatting
80,2.6666666666666665,74.02732818974788,74.02732818974785,74.19228679206651,116.70909629070891,Standing,Squatting
81,2.7,74.02732818974788,74.02732818974785,74.19228679206651,116.70909629070891,Standing,Squatting
82,2.7333333333333334,74.02732818974788,74.02732818974785,74.19228679206651,116.70909629070891,Standing,Squatting
83,2.7666666666666666,74.02732818974788,74.02732818974785,74.19228679206651,116.70909629070891,Standing,Squatting
84,2.8,74.02732818974788,74.02732818974785,74.19228679206651,116.70909629070891,Standing,Squatting
85,2.8333333333333335,74.02732818974788,74.02732818974785,74.19228679206651,116.70909629070891,Standing,Squatting
86,2.8666666666666667,74.02732818974788,74.02732818974785,74.19228679206651,116.70909629070891,Standing,Squatting
87,2.9,74.02732818974788,74.02732818974785,74.19228679206651,116.70909629070891,Standing,Squatting
88,2.933333333333333,74.02732818974788,74.02732818974785,74.19228679206651,116.70909629070891,Standing,Squatting
89,2.966666666666667,74.02732818974788,74.02732818974785,74.19228679206651,116.70909629070891,Standing,Squatting
90,3.0,74.02732818974788,74.02732818974785,74.19228679206651,116.70909629070891,Standing,Squatting
91,3.033333333333333,74.02732818974788,74.02732818974785,74.19228679206651,116.70909629070891,Standing,Squatting
92,3.066666666666667,74.02732818974788,74.02732818974785,74.19228679206651,116.70909629070891,Standing,Squatting
93,3.1,74.02732818974788,74.02732818974785,74.19228679206651,116.70909629070891,Standing,Squatting
94,3.1333333333333333,74.02732818974788,74.02732818974785,74.19228679206651,116.70909629070891,Standing,Squatting
95,3.1666666666666665,74.02732818974788,74.02732818974785,74.19228679206651,116.70909629070891,Standing,Squatting
96,3.2,74.02732818974788,74.02732818974785,74.19228679206651,116.70909629070891,Standing,Squatting
97,3.2333333333333334,74.02732818974788,74.02732818974785,74.19228679206651,116.70909629070891,Standing,Squatting
98,3.2666666666666666,74.02732818974788,74.02732818974785,74.19228679206651,116.70909629070891,Standing,Squatting
99,3.3,74.02732818974788,74.02732818974785,74.19228679206651,116.70909629070891,Standing,Squatting
100,3.3333333333333335,74.02732818974788,74.02732818974785,74.19228679206651,116.70909629070891,Standing,Squatting
101,3.3666666666666667,74.02732818974788,74.02732818974785,74.19228679206651,116.70909629070891,Standing,Squatting
102,3.4,74.02732818974788,74.02732818974785,74.19228679206651,116.70909629070891,Standing,Squatting
103,3.433333333333333,74.02732818974788,74.02732818974785,74.19228679206651,116.70909629070891,Standing,Squatting
104,3.466666666666667,74.02732818974788,74.02732818974785,74.19228679206651,116.70909629070891,Standing,Squatting
105,3.5,74.02732818974788,74.02732818974785,74.19228679206651,116.70909629070891,Standing,Squatting
106,3.533333333333333,74.02732818974788,74.02732818974785,74.19228679206651,116.70909629070891,Standing,Squatting
107,3.566666666666667,74.02732818974788,74.02732818974785,74.19228679206651,116.70909629070891,Standing,Squatting
108,3.6,74.02732818974788,74.02732818974785,74.19228679206651,116.70909629070891,Standing,Squatting
109,3.6333333333333333,74.02732818974788,74.02732818974785,74.19228679206651,116.70909629070891,Standing,Squatting
110,3.6666666666666665,74.02732818974788,74.02732818974785,74.19228679206651,116.70909629070891,Standing,Squatting
111,3.7,74.02732818974788,74.02732818974785,74.19228679206651,116.70909629070891,Standing,Squatting
112,3.7333333333333334,74.02732818974788,74.02732818974785,74.19228679206651,116.70909629070891,Standing,Squatting
113,3.7666666666666666,74.02732818974788,74.02732818974785,74.19228679206651,116.70909629070891,Standing,Squatting
114,3.8,74.02732818974788,74.02732818974785,74.19228679206651,116.70909629070891,Standing,Squatting
115,3.8333333333333335,74.02732818974788,74.02732818974785,74.19228679206651,116.70909629070891,Standing,Squatting
116,3.8666666666666667,74.02732818974788,74.02732818974785,74.19228679206651,116.70909629070891,Standing,Squatting
117,3.9,74.02732818974788,74.02732818974785,74.19228679206651,116.70909629070891,Standing,Squatting
118,3.933333333333333,74.02732818974788,74.02732818974785,74.19228679206651,116.70909629070891,Standing,Squatting
119,3.966666666666667,74.02732818974788,74.02732818974785,74.19228679206651,116.70909629070891,Standing,Squatting
120,4.0,74.02732818974788,74.02732818974785,74.19228679206651,116.70909629070891,Standing,Squatting
121,4.033333333333333,74.02732818974788,74.02732818974785,74.19228679206651,116.70909629070891,Standing,Squatting
122,4.066666666666666,74.02732818974788,74.02732818974785,74.19228679206651,116.70909629070891,Standing,Squatting
123,4.1,74.02732818974788,74.02732818974785,74.19228679206651,116.70909629070891,Standing,Squatting
124,4.133333333333334,74.02732818974788,74.02732818974785,74.19228679206651,116.70909629070891,Standing,Squatting
125,4.166666666666667,74.02732818974788,74.02732818974785,74.19228679206651,116.70909629070891,Standing,Squatting
126,4.2,74.02732818974788,74.02732818974785,74.19228679206651,116.70909629070891,Standing,Squatting
127,4.233333333333333,74.02732818974788,74.02732818974785,74.19228679206651,116.70909629070891,Standing,Squatting
128,4.266666666666667,74.02732818974788,74.02732818974785,74.19228679206651,116.70909629070891,Standing,Squatting
129,4.3,74.02732818974788,74.02732818974785,74.19228679206651,116.70909629070891,Standing,Squatting
130,4.333333333333333,74.02732818974788,74.02732818974785,74.19228679206651,116.70909629070891,Standing,Squatting
131,4.366666666666666,74.02732818974788,74.02732818974785,74.19228679206651,116.70909629070891,Standing,Squatting
132,4.4,74.02732818974788,74.02732818974785,74.19228679206651,116.70909629070891,Standing,Squatting
133,4.433333333333334,74.02732818974788,74.02732818974785,74.19228679206651,116.70909629070891,Standing,Squatting
134,4.466666666666667,74.02732818974788,74.02732818974785,74.19228679206651,116.70909629070891,Standing,Squatting
135,4.5,74.02732818974788,74.02732818974785,74.19228679206651,116.70909629070891,Standing,Squatting
136,4.533333333333333,74.02732818974788,74.02732818974785,74.19228679206651,116.70909629070891,Standing,Squatting
137,4.566666666666666,74.02732818974788,74.02732818974785,74.19228679206651,116.70909629070891,Standing,Squatting
138,4.6,74.02732818974788,74.02732818974785,74.19228679206651,116.70909629070891,Standing,Squatting
139,4.633333333333334,74.02732818974788,74.02732818974785,74.19228679206651,116.70909629070891,Standing,Squatting
140,4.666666666666667,74.02732818974788,74.02732818974785,74.19228679206651,116.70909629070891,Standing,Squatting
141,4.7,74.02732818974788,74.02732818974785,74.19228679206651,116.70909629070891,Standing,Squatting
142,4.733333333333333,74.02732818974788,74.02732818974785,74.19228679206651,116.70909629070891,Standing,Squatting
143,4.766666666666667,74.02732818974788,74.02732818974785,74.19228679206651,116.70909629070891,Standing,Squatting
144,4.8,74.02732818974788,74.02732818974785,74.19228679206651,116.70909629070891,Standing,Squatting
145,4.833333333333333,74.02732818974788,74.02732818974785,74.19228679206651,116.70909629070891,Standing,Squatting
146,4.866666666666666,74.02732818974788,74.02732818974785,74.19228679206651,116.70909629070891,Standing,Squatting
147,4.9,74.02732818974788,74.02732818974785,74.19228679206651,116.70909629070891,Standing,Squatting
148,4.933333333333334,74.02732818974788,74.02732818974785,74.19228679206651,116.70909629070891,Standing,Squatting
149,4.966666666666667,74.02732818974788,74.02732818974785,74.19228679206651,116.70909629070891,Standing,Squatting
150,5.0,74.02732818974788,74.02732818974785,74.19228679206651,116.70909629070891,Standing,Squatting
151,5.033333333333333,74.02732818974788,74.02732818974785,74.19228679206651,116.70909629070891,Standing,Squatting
152,5.066666666666666,74.02732818974788,74.02732818974785,74.19228679206651,116.70909629070891,Standing,Squatting
153,5.1,74.02732818974788,74.02732818974785,74.19228679206651,116.70909629070891,Standing,Squatting
154,5.133333333333334,74.02732818974788,74.02732818974785,74.19228679206651,116.70909629070891,Standing,Squatting
155,5.166666666666667,74.02732818974788,74.02732818974785,74.19228679206651,116.70909629070891,Standing,Squatting
156,5.2,74.02732818974788,74.02732818974785,74.19228679206651,116.70909629070891,Standing,Squatting
157,5.233333333333333,74.02732818974788,74.02732818974785,74.19228679206651,116.70909629070891,Standing,Squatting
158,5.266666666666667,74.02732818974788,74.02732818974785,74.19228679206651,116.70909629070891,Standing,Squatting
159,5.3,74.02732818974788,74.02732818974785,74.19228679206651,116.70909629070891,Standing,Squatting
160,5.333333333333333,74.02732818974788,74.02732818974785,74.19228679206651,116.70909629070891,Standing,Squatting
161,5.366666666666666,74.02732818974788,74.02732818974785,74.19228679206651,116.70909629070891,Standing,Squatting
162,5.4,74.02732818974788,74.02732818974785,74.19228679206651,116.70909629070891,Standing,Squatting
163,5.433333333333334,74.02732818974788,74.02732818974785,74.19228679206651,116.70909629070891,Standing,Squatting
164,5.466666666666667,74.02732818974788,74.02732818974785,74.19228679206651,116.70909629070891,Standing,Squatting
165,5.5,74.02732818974788,74.02732818974785,74.19228679206651,116.70909629070891,Standing,Squatting
166,5.533333333333333,74.02732818974788,74.02732818974785,74.19228679206651,116.70909629070891,Standing,Squatting
167,5.566666666666666,74.02732818974788,74.02732818974785,74.19228679206651,116.70909629070891,Standing,Squatting
168,5.6,74.02732818974788,74.02732818974785,74.19228679206651,116.70909629070891,Standing,Squatting
169,5.633333333333334,74.02732818974788,74.02732818974785,74.19228679206651,116.70909629070891,Standing,Squatting
170,5.666666666666667,74.02732818974788,74.02732818974785,74.19228679206651,116.70909629070891,Standing,Squatting
171,5.7,74.02732818974788,74.02732818974785,74.19228679206651,116.70909629070891,Standing,Squatting
172,5.733333333333333,74.02732818974788,74.02732818974785,74.19228679206651,116.70909629070891,Standing,Squatting
173,5.766666666666667,74.02732818974788,74.02732818974785,74.19228679206651,116.70909629070891,Standing,Squatting
174,5.8,74.02732818974788,74.02732818974785,74.19228679206651,116.70909629070891,Standing,Squatting
175,5.833333333333333,74.02732818974788,74.02732818974785,74.19228679206651,116.70909629070891,Standing,Squatting
176,5.866666666666666,74.02732818974788,74.02732818974785,74.19228679206651,116.70909629070891,Standing,Squatting
177,5.9,74.02732818974788,74.02732818974785,74.19228679206651,116.70909629070891,Standing,Squatting
178,5.933333333333334,74.02732818974788,74.02732818974785,74.19228679206651,116.70909629070891,Standing,Squatting
179,5.966666666666667,74.02732818974788,74.02732818974785,74.19228679206651,116.70909629070891,Standing,Squatting
180,6.0,74.02732818974788,74.02732818974785,74.19228679206651,116.70909629070891,Standing,Squatting
181,6.033333333333333,74.02732818974788,74.02732818974785,74.19228679206651,116.70909629070891,Standing,Squatting
182,6.066666666666666,74.02732818974788,74.02732818974785,74.19228679206651,116.70909629070891,Standing,Squatting
183,6.1,74.02732818974788,74.02732818974785,74.19228679206651,116.70909629070891,Standing,Squatting
184,6.133333333333334,74.02732818974788,74.02732818974785,74.19228679206651,116.70909629070891,Standing,Squatting
185,6.166666666666667,74.02732818974788,74.02732818974785,74.19228679206651,116.70909629070891,Standing,Squatting
186,6.2,74.02732818974788,74.02732818974785,74.19228679206651,116.70909629070891,Standing,Squatting
187,6.233333333333333,74.02732818974788,74.02732818974785,74.19228679206651,116.70909629070891,Standing,Squatting
188,6.266666666666667,74.02732818974788,74.02732818974785,74.19228679206651,116.70909629070891,Standing,Squatting
189,6.3,74.02732818974788,74.02732818974785,74.19228679206651,116.70909629070891,Standing,Squatting
190,6.333333333333333,74.02732818974788,74.02732818974785,74.19228679206651,116.70909629070891,Standing,Squatting
191,6.366666666666666,74.02732818974788,74.02732818974785,74.19228679206651,116.70909629070891,Standing,Squatting
192,6.4,74.02732818974788,74.02732818974785,74.19228679206651,116.70909629070891,Standing,Squatting
193,6.433333333333334,74.02732818974788,74.02732818974785,74.19228679206651,116.70909629070891,Standing,Squatting
194,6.466666666666667,74.02732818974788,74.02732818974785,74.19228679206651,116.70909629070891,Standing,Squatting
195,6.5,74.02732818974788,74.02732818974785,74.19228679206651,116.70909629070891,Standing,Squatting
196,6.533333333333333,74.02732818974788,74.02732818974785,74.19228679206651,116.70909629070891,Standing,Squatting
197,6.566666666666666,74.02732818974788,74.02732818974785,74.19228679206651,116.70909629070891,Standing,Squatting
198,6.6,74.02732818974788,74.02732818974785,74.19228679206651,116.70909629070891,Standing,Squatting
199,6.633333333333334,74.02732818974788,74.02732818974785,74.19228679206651,116.70909629070891,Standing,Squatting
200,6.666666666666667,74.02732818974788,74.02732818974785,74.19228679206651,116.70909629070891,Standing,Squatting
201,6.7,74.02732818974788,74.02732818974785,74.19228679206651,116.70909629070891,Standing,Squatting
202,6.733333333333333,74.02732818974788,74.02732818974785,74.19228679206651,116.70909629070891,Standing,Squatting
203,6.766666666666667,74.02732818974788,74.02732818974785,74.19228679206651,116.70909629070891,Standing,Squatting
204,6.8,74.02732818974788,74.02732818974785,74.19228679206651,116.70909629070891,Standing,Squatting
205,6.833333333333333,74.02732818974788,74.02732818974785,74.19228679206651,116.70909629070891,Standing,Squatting
206,6.866666666666666,74.02732818974788,74.02732818974785,74.19228679206651,116.70909629070891,Standing,Squatting
207,6.9,74.02732818974788,74.02732818974785,74.19228679206651,116.70909629070891,Standing,Squatting
208,6.933333333333334,74.02732818974788,74.02732818974785,74.19228679206651,116.70909629070891,Standing,Squatting
209,6.966666666666667,74.02732818974788,74.02732818974785,74.19228679206651,116.70909629070891,Standing,Squatting
210,7.0,74.02732818974788,74.02732818974785,74.19228679206651,116.70909629070891,Standing,Squatting
211,7.033333333333333,74.02732818974788,74.02732818974785,74.19228679206651,116.70909629070891,Standing,Squatting
212,7.066666666666666,74.02732818974788,74.02732818974785,74.19228679206651,116.70909629070891,Standing,Squatting
213,7.1,74.02732818974788,74.02732818974785,74.19228679206651,116.70909629070891,Standing,Squatting
214,7.133333333333334,74.02732818974788,74.02732818974785,74.19228679206651,116.70909629070891,Standing,Squatting
215,7.166666666666667,74.02732818974788,74.02732818974785,74.19228679206651,116.70909629070891,Standing,Squatting
216,7.2,74.02732818974788,74.02732818974785,74.19228679206651,116.70909629070891,Standing,Squatting
217,7.233333333333333,74.02732818974788,74.02732818974785,74.19228679206651,116.70909629070891,Standing,Squatting
218,7.266666666666667,74.02732818974788,74.02732818974785,74.19228679206651,116.70909629070891,Standing,Squatting
219,7.3,74.02732818974788,74.02732818974785,74.19228679206651,116.70909629070891,Standing,Squatting
220,7.333333333333333,74.02732818974788,74.02732818974785,74.19228679206651,116.70909629070891,Standing,Squatting
221,7.366666666666666,74.02732818974788,74.02732818974785,74.19228679206651,116.70909629070891,Standing,Squatting
222,7.4,74.02732818974788,74.02732818974785,74.19228679206651,116.70909629070891,Standing,Squatting
223,7.433333333333334,74.02732818974788,74.02732818974785,74.19228679206651,116.70909629070891,Standing,Squatting
224,7.466666666666667,74.02732818974788,74.02732818974785,74.19228679206651,116.70909629070891,Standing,Squatting
225,7.5,74.02732818974788,74.02732818974785,74.19228679206651,116.70909629070891,Standing,Squatting
226,7.533333333333333,74.02732818974788,74.02732818974785,74.19228679206651,116.70909629070891,Standing,Squatting
227,7.566666666666666,74.02732818974788,74.02732818974785,74.19228679206651,116.70909629070891,Standing,Squatting
228,7.6,74.02732818974788,74.02732818974785,74.19228679206651,116.70909629070891,Standing,Squatting
229,7.633333333333334,74.02732818974788,74.02732818974785,74.19228679206651,116.70909629070891,Standing,Squatting
230,7.666666666666667,74.02732818974788,74.02732818974785,74.19228679206651,116.70909629070891,Standing,Squatting
231,7.7,74.02732818974788,74.02732818974785,74.19228679206651,116.70909629070891,Standing,Squatting
232,7.733333333333333,74.02732818974788,74.02732818974785,74.19228679206651,116.70909629070891,Standing,Squatting
233,7.766666666666667,74.02732818974788,74.02732818974785,74.19228679206651,116.70909629070891,Standing,Squatting
234,7.8,74.02732818974788,74.02732818974785,74.19228679206651,116.70909629070891,Standing,Squatting
235,7.833333333333333,74.02732818974788,74.02732818974785,74.19228679206651,116.70909629070891,Standing,Squatting
236,7.866666666666666,74.02732818974788,74.02732818974785,74.19228679206651,116.70909629070891,Standing,Squatting
237,7.9,74.02732818974788,74.02732818974785,74.19228679206651,116.70909629070891,Standing,Squatting
238,7.933333333333334,74.02732818974788,74.02732818974785,74.19228679206651,116.70909629070891,Standing,Squatting
239,7.966666666666667,74.02732818974788,74.02732818974785,74.19228679206651,116.70909629070891,Standing,Squatting
240,8.0,74.02732818974788,74.02732818974785,74.19228679206651,116.70909629070891,Standing,Squatting
241,8.033333333333333,74.02732818974788,74.02732818974785,74.19228679206651,116.70909629070891,Standing,Squatting
242,8.066666666666666,74.02732818974788,74.02732818974785,74.19228679206651,116.70909629070891,Standing,Squatting
243,8.1,74.02732818974788,74.02732818974785,74.19228679206651,116.70909629070891,Standing,Squatting
244,8.133333333333333,74.02732818974788,74.02732818974785,74.19228679206651,116.70909629070891,Standing,Squatting
245,8.166666666666666,74.02732818974788,74.02732818974785,74.19228679206651,116.70909629070891,Standing,Squatting
246,8.2,74.02732818974788,74.02732818974785,74.19228679206651,116.70909629070891,Standing,Squatting
247,8.233333333333333,74.02732818974788,74.02732818974785,74.19228679206651,116.70909629070891,Standing,Squatting
248,8.266666666666667,74.02732818974788,74.02732818974785,74.19228679206651,116.70909629070891,Standing,Squatting
249,8.3,74.02732818974788,74.02732818974785,74.19228679206651,116.70909629070891,Standing,Squatting
250,8.333333333333334,74.02732818974788,74.02732818974785,74.19228679206651,116.70909629070891,Standing,Squatting
251,8.366666666666667,74.02732818974788,74.02732818974785,74.19228679206651,116.70909629070891,Standing,Squatting
252,8.4,74.02732818974788,74.02732818974785,74.19228679206651,116.70909629070891,Standing,Squatting
253,8.433333333333334,74.02732818974788,74.02732818974785,74.19228679206651,116.70909629070891,Standing,Squatting
254,8.466666666666667,74.02732818974788,74.02732818974785,74.19228679206651,116.70909629070891,Standing,Squatting
255,8.5,74.02732818974788,74.02732818974785,74.19228679206651,116.70909629070891,Standing,Squatting
256,8.533333333333333,74.02732818974788,74.02732818974785,74.19228679206651,116.70909629070891,Standing,Squatting
257,8.566666666666666,74.02732818974788,74.02732818974785,74.19228679206651,116.70909629070891,Standing,Squatting
258,8.6,74.02732818974788,74.02732818974785,74.19228679206651,116.70909629070891,Standing,Squatting
259,8.633333333333333,74.02732818974788,74.02732818974785,74.19228679206651,116.70909629070891,Standing,Squatting
260,8.666666666666666,74.02732818974788,74.02732818974785,74.19228679206651,116.70909629070891,Standing,Squatting
261,8.7,74.02732818974788,74.02732818974785,74.19228679206651,116.70909629070891,Standing,Squatting
262,8.733333333333333,74.02732818974788,74.02732818974785,74.19228679206651,116.70909629070891,Standing,Squatting
263,8.766666666666667,74.02732818974788,74.02732818974785,74.19228679206651,116.70909629070891,Standing,Squatting
264,8.8,74.02732818974788,74.02732818974785,74.19228679206651,116.70909629070891,Standing,Squatting
265,8.833333333333334,74.02732818974788,74.02732818974785,74.19228679206651,116.70909629070891,Standing,Squatting
266,8.866666666666667,74.02732818974788,74.02732818974785,74.19228679206651,116.70909629070891,Standing,Squatting
267,8.9,74.02732818974788,74.02732818974785,74.19228679206651,116.70909629070891,Standing,Squatting
268,8.933333333333334,74.02732818974788,74.02732818974785,74.19228679206651,116.70909629070891,Standing,Squatting
269,8.966666666666667,74.02732818974788,74.02732818974785,74.19228679206651,116.70909629070891,Standing,Squatting
270,9.0,74.02732818974788,74.02732818974785,74.19228679206651,116.70909629070891,Standing,Squatting
271,9.033333333333333,74.02732818974788,74.02732818974785,74.19228679206651,116.70909629070891,Standing,Squatting
272,9.066666666666666,74.02732818974788,74.02732818974785,74.19228679206651,116.70909629070891,Standing,Squatting
273,9.1,74.02732818974788,74.02732818974785,74.19228679206651,116.70909629070891,Standing,Squatting
274,9.133333333333333,74.02732818974788,74.02732818974785,74.19228679206651,116.70909629070891,Standing,Squatting
275,9.166666666666666,74.02732818974788,74.02732818974785,74.19228679206651,116.70909629070891,Standing,Squatting
276,9.2,74.02732818974788,74.02732818974785,74.19228679206651,116.70909629070891,Standing,Squatting
277,9.233333333333333,74.02732818974788,74.02732818974785,74.19228679206651,116.70909629070891,Standing,Squatting
278,9.266666666666667,74.02732818974788,74.02732818974785,74.19228679206651,116.70909629070891,Standing,Squatting
279,9.3,74.02732818974788,74.02732818974785,74.19228679206651,116.70909629070891,Standing,Squatting
280,9.333333333333334,74.02732818974788,74.02732818974785,74.19228679206651,116.70909629070891,Standing,Squatting
281,9.366666666666667,74.02732818974788,74.02732818974785,74.19228679206651,116.70909629070891,Standing,Squatting
282,9.4,74.02732818974788,74.02732818974785,74.19228679206651,116.70909629070891,Standing,Squatting
283,9.433333333333334,74.02732818974788,74.02732818974785,74.19228679206651,116.70909629070891,Standing,Squatting
284,9.466666666666667,74.02732818974788,74.02732818974785,74.19228679206651,116.70909629070891,Standing,Squatting
285,9.5,74.02732818974788,74.02732818974785,74.19228679206651,116.70909629070891,Standing,Squatting
286,9.533333333333333,74.02732818974788,74.02732818974785,74.19228679206651,116.70909629070891,Standing,Squatting
287,9.566666666666666,74.02732818974788,74.02732818974785,74.19228679206651,116.70909629070891,Standing,Squatting
288,9.6,74.02732818974788,74.02732818974785,74.19228679206651,116.70909629070891,Standing,Squatting
289,9.633333333333333,74.02732818974788,74.02732818974785,74.19228679206651,116.70909629070891,Standing,Squatting
290,9.666666666666666,74.02732818974788,74.02732818974785,74.19228679206651,116.70909629070891,Standing,Squatting
291,9.7,74.02732818974788,74.02732818974785,74.19228679206651,116.70909629070891,Standing,Squatting
292,9.733333333333333,74.02732818974788,74.02732818974785,74.19228679206651,116.70909629070891,Standing,Squatting
293,9.766666666666667,74.02732818974788,74.02732818974785,74.19228679206651,116.70909629070891,Standing,Squatting
294,9.8,74.02732818974788,74.02732818974785,74.19228679206651,116.70909629070891,Standing,Squatting
295,9.833333333333334,74.02732818974788,74.02732818974785,74.19228679206651,116.70909629070891,Standing,Squatting
296,9.866666666666667,74.02732818974788,74.02732818974785,74.19228679206651,116.70909629070891,Standing,Squatting
297,9.9,74.02732818974788,74.02732818974785,74.19228679206651,116.70909629070891,Standing,Squatting
298,9.933333333333334,74.02732818974788,74.02732818974785,74.19228679206651,116.70909629070891,Standing,Squatting
299,9.966666666666667,74.02732818974788,74.02732818974785,74.19228679206651,116.70909629070891,Standing,Squatting
300,10.0,74.02732818974788,74.02732818974785,74.19228679206651,116.70909629070891,Standing,Squatting
301,10.033333333333333,74.02732818974788,74.02732818974785,74.19228679206651,116.70909629070891,Standing,Squatting
302,10.066666666666666,74.02732818974788,74.02732818974785,74.19228679206651,116.70909629070891,Standing,Squatting
303,10.1,74.02732818974788,74.02732818974785,74.19228679206651,116.70909629070891,Standing,Squatting
304,10.133333333333333,74.02732818974788,74.02732818974785,74.19228679206651,116.70909629070891,Standing,Squatting
305,10.166666666666666,74.02732818974788,74.02732818974785,74.19228679206651,116.70909629070891,Standing,Squatting
306,10.2,74.02732818974788,74.02732818974785,74.19228679206651,116.70909629070891,Standing,Squatting
307,10.233333333333333,74.02732818974788,74.02732818974785,74.19228679206651,116.70909629070891,Standing,Squatting
308,10.266666666666667,74.02732818974788,74.02732818974785,74.19228679206651,116.70909629070891,Standing,Squatting
309,10.3,74.02732818974788,74.02732818974785,74.19228679206651,116.70909629070891,Standing,Squatting
310,10.333333333333334,74.02732818974788,74.02732818974785,74.19228679206651,116.70909629070891,Standing,Squatting
311,10.366666666666667,74.02732818974788,74.02732818974785,74.19228679206651,116.70909629070891,Standing,Squatting
312,10.4,74.02732818974788,74.02732818974785,74.19228679206651,116.70909629070891,Standing,Squatting
313,10.433333333333334,74.02732818974788,74.02732818974785,74.19228679206651,116.70909629070891,Standing,Squatting
314,10.466666666666667,74.02732818974788,74.02732818974785,74.19228679206651,116.70909629070891,Standing,Squatting
315,10.5,74.02732818974788,74.02732818974785,74.19228679206651,116.70909629070891,Standing,Squatting
316,10.533333333333333,74.02732818974788,74.02732818974785,74.19228679206651,116.70909629070891,Standing,Squatting
317,10.566666666666666,74.02732818974788,74.02732818974785,74.19228679206651,116.70909629070891,Standing,Squatting
318,10.6,74.02732818974788,74.02732818974785,74.19228679206651,116.70909629070891,Standing,Squatting
319,10.633333333333333,74.02732818974788,74.02732818974785,74.19228679206651,116.70909629070891,Standing,Squatting
320,10.666666666666666,74.02732818974788,74.02732818974785,74.19228679206651,116.70909629070891,Standing,Squatting
321,10.7,74.02732818974788,74.02732818974785,74.19228679206651,116.70909629070891,Standing,Squatting
322,10.733333333333333,74.02732818974788,74.02732818974785,74.19228679206651,116.70909629070891,Standing,Squatting
323,10.766666666666667,74.02732818974788,74.02732818974785,74.19228679206651,116.70909629070891,Standing,Squatting
324,10.8,74.02732818974788,74.02732818974785,74.19228679206651,116.70909629070891,Standing,Squatting
325,10.833333333333334,74.02732818974788,74.02732818974785,74.19228679206651,116.70909629070891,Standing,Squatting
326,10.866666666666667,74.02732818974788,74.02732818974785,74.19228679206651,116.70909629070891,Standing,Squatting
327,10.9,74.02732818974788,74.02732818974785,74.19228679206651,116.70909629070891,Standing,Squatting
328,10.933333333333334,74.02732818974788,74.02732818974785,74.19228679206651,116.70909629070891,Standing,Squatting
329,10.966666666666667,74.02732818974788,74.02732818974785,74.19228679206651,116.70909629070891,Standing,Squatting
330,11.0,74.02732818974788,74.02732818974785,74.19228679206651,116.70909629070891,Standing,Squatting
331,11.033333333333333,74.02732818974788,74.02732818974785,74.19228679206651,116.70909629070891,Standing,Squatting
332,11.066666666666666,74.02732818974788,74.02732818974785,74.19228679206651,116.70909629070891,Standing,Squatting
333,11.1,74.02732818974788,74.02732818974785,74.19228679206651,116.70909629070891,Standing,Squatting
334,11.133333333333333,74.02732818974788,74.02732818974785,74.19228679206651,116.70909629070891,Standing,Squatting
335,11.166666666666666,74.02732818974788,74.02732818974785,74.19228679206651,116.70909629070891,Standing,Squatting
336,11.2,74.02732818974788,74.02732818974785,74.19228679206651,116.70909629070891,Standing,Squatting
337,11.233333333333333,74.02732818974788,74.02732818974785,74.19228679206651,116.70909629070891,Standing,Squatting
338,11.266666666666667,74.02732818974788,74.02732818974785,74.19228679206651,116.70909629070891,Standing,Squatting
339,11.3,74.02732818974788,74.02732818974785,74.19228679206651,116.70909629070891,Standing,Squatting
340,11.333333333333334,74.02732818974788,74.02732818974785,74.19228679206651,116.70909629070891,Standing,Squatting
341,11.366666666666667,74.02732818974788,74.02732818974785,74.19228679206651,116.70909629070891,Standing,Squatting
342,11.4,74.02732818974788,74.02732818974785,74.19228679206651,116.70909629070891,Standing,Squatting
343,11.433333333333334,74.02732818974788,74.02732818974785,74.19228679206651,116.70909629070891,Standing,Squatting
344,11.466666666666667,74.02732818974788,74.02732818974785,74.19228679206651,116.70909629070891,Standing,Squatting
345,11.5,74.02732818974788,74.02732818974785,74.19228679206651,116.70909629070891,Standing,Squatting
346,11.533333333333333,74.02732818974788,74.02732818974785,74.19228679206651,116.70909629070891,Standing,Squatting
347,11.566666666666666,74.02732818974788,74.02732818974785,74.19228679206651,116.70909629070891,Standing,Squatting
348,11.6,74.02732818974788,74.02732818974785,74.19228679206651,116.70909629070891,Standing,Squatting
349,11.633333333333333,74.02732818974788,74.02732818974785,74.19228679206651,116.70909629070891,Standing,Squatting
350,11.666666666666666,74.02732818974788,74.02732818974785,74.19228679206651,116.70909629070891,Standing,Squatting
351,11.7,74.02732818974788,74.02732818974785,74.19228679206651,116.70909629070891,Standing,Squatting
352,11.733333333333333,74.02732818974788,74.02732818974785,74.19228679206651,116.70909629070891,Standing,Squatting
353,11.766666666666667,74.02732818974788,74.02732818974785,74.19228679206651,116.70909629070891,Standing,Squatting
354,11.8,74.02732818974788,74.02732818974785,74.19228679206651,116.70909629070891,Standing,Squatting
355,11.833333333333334,74.02732818974788,74.02732818974785,74.19228679206651,116.70909629070891,Standing,Squatting
356,11.866666666666667,74.02732818974788,74.02732818974785,74.19228679206651,116.70909629070891,Standing,Squatting
357,11.9,74.02732818974788,74.02732818974785,74.19228679206651,116.70909629070891,Standing,Squatting
358,11.933333333333334,74.02732818974788,74.02732818974785,74.19228679206651,116.70909629070891,Standing,Squatting
359,11.966666666666667,74.02732818974788,74.02732818974785,74.19228679206651,116.70909629070891,Standing,Squatting
360,12.0,74.02732818974788,74.02732818974785,74.19228679206651,116.70909629070891,Standing,Squatting
361,12.033333333333333,74.02732818974788,74.02732818974785,74.19228679206651,116.70909629070891,Standing,Squatting
362,12.066666666666666,74.02732818974788,74.02732818974785,74.19228679206651,116.70909629070891,Standing,Squatting
363,12.1,74.02732818974788,74.02732818974785,74.19228679206651,116.70909629070891,Standing,Squatting
364,12.133333333333333,74.02732818974788,74.02732818974785,74.19228679206651,116.70909629070891,Standing,Squatting
365,12.166666666666666,74.02732818974788,74.02732818974785,74.19228679206651,116.70909629070891,Standing,Squatting
366,12.2,74.02732818974788,74.02732818974785,74.19228679206651,116.70909629070891,Standing,Squatting
367,12.233333333333333,74.02732818974788,74.02732818974785,74.19228679206651,116.70909629070891,Standing,Squatting
368,12.266666666666667,74.02732818974788,74.02732818974785,74.19228679206651,116.70909629070891,Standing,Squatting
369,12.3,74.02732818974788,74.02732818974785,74.19228679206651,116.70909629070891,Standing,Squatting
370,12.333333333333334,74.02732818974788,74.02732818974785,74.19228679206651,116.70909629070891,Standing,Squatting
371,12.366666666666667,74.02732818974788,74.02732818974785,74.19228679206651,116.70909629070891,Standing,Squatting
372,12.4,74.02732818974788,74.02732818974785,74.19228679206651,116.70909629070891,Standing,Squatting
373,12.433333333333334,74.02732818974788,74.02732818974785,74.19228679206651,116.70909629070891,Standing,Squatting
374,12.466666666666667,74.02732818974788,74.02732818974785,74.19228679206651,116.70909629070891,Standing,Squatting
375,12.5,74.02732818974788,74.02732818974785,74.19228679206651,116.70909629070891,Standing,Squatting
376,12.533333333333333,74.02732818974788,74.02732818974785,74.19228679206651,116.70909629070891,Standing,Squatting
377,12.566666666666666,74.02732818974788,74.02732818974785,74.19228679206651,116.70909629070891,Standing,Squatting
378,12.6,74.02732818974788,74.02732818974785,74.19228679206651,116.70909629070891,Standing,Squatting
379,12.633333333333333,74.02732818974788,74.02732818974785,74.19228679206651,116.70909629070891,Standing,Squatting
380,12.666666666666666,74.02732818974788,74.02732818974785,74.19228679206651,116.70909629070891,Standing,Squatting
381,12.7,74.02732818974788,74.02732818974785,74.19228679206651,116.70909629070891,Standing,Squatting
382,12.733333333333333,74.02732818974788,74.02732818974785,74.19228679206651,116.70909629070891,Standing,Squatting
383,12.766666666666667,74.02732818974788,74.02732818974785,74.19228679206651,116.70909629070891,Standing,Squatting
384,12.8,74.02732818974788,74.02732818974785,74.19228679206651,116.70909629070891,Standing,Squatting
385,12.833333333333334,74.02732818974788,74.02732818974785,74.19228679206651,116.70909629070891,Standing,Squatting
386,12.866666666666667,74.02732818974788,74.02732818974785,74.19228679206651,116.70909629070891,Standing,Squatting
387,12.9,74.02732818974788,74.02732818974785,74.19228679206651,116.70909629070891,Standing,Squatting
388,12.933333333333334,74.02732818974788,74.02732818974785,74.19228679206651,116.70909629070891,Standing,Squatting
389,12.966666666666667,74.02732818974788,74.02732818974785,74.19228679206651,116.70909629070891,Standing,Squatting
390,13.0,74.02732818974788,74.02732818974785,74.19228679206651,116.70909629070891,Standing,Squatting
391,13.033333333333333,74.02732818974788,74.02732818974785,74.19228679206651,116.70909629070891,Standing,Squatting
392,13.066666666666666,74.02732818974788,74.02732818974785,74.19228679206651,116.70909629070891,Standing,Squatting
393,13.1,74.02732818974788,74.02732818974785,74.19228679206651,116.70909629070891,Standing,Squatting
394,13.133333333333333,74.02732818974788,74.02732818974785,74.19228679206651,116.70909629070891,Standing,Squatting
395,13.166666666666666,74.02732818974788,74.02732818974785,74.19228679206651,116.70909629070891,Standing,Squatting
396,13.2,74.02732818974788,74.02732818974785,74.19228679206651,116.70909629070891,Standing,Squatting
397,13.233333333333333,74.02732818974788,74.02732818974785,74.19228679206651,116.70909629070891,Standing,Squatting
398,13.266666666666667,74.02732818974788,74.02732818974785,74.19228679206651,116.70909629070891,Standing,Squatting
399,13.3,74.02732818974788,74.02732818974785,74.19228679206651,116.70909629070891,Standing,Squatting
400,13.333333333333334,74.02732818974788,74.02732818974785,74.19228679206651,116.70909629070891,Standing,Squatting
401,13.366666666666667,74.02732818974788,74.02732818974785,74.19228679206651,116.70909629070891,Standing,Squatting
402,13.4,74.02732818974788,74.02732818974785,74.19228679206651,116.70909629070891,Standing,Squatting
403,13.433333333333334,74.02732818974788,74.02732818974785,74.19228679206651,116.70909629070891,Standing,Squatting
404,13.466666666666667,74.02732818974788,74.02732818974785,74.19228679206651,116.70909629070891,Standing,Squatting
405,13.5,74.02732818974788,74.02732818974785,74.19228679206651,116.70909629070891,Standing,Squatting
406,13.533333333333333,74.02732818974788,74.02732818974785,74.19228679206651,116.70909629070891,Standing,Squatting
407,13.566666666666666,74.02732818974788,74.02732818974785,74.19228679206651,116.70909629070891,Standing,Squatting
408,13.6,74.02732818974788,74.02732818974785,74.19228679206651,116.70909629070891,Standing,Squatting
409,13.633333333333333,74.02732818974788,74.02732818974785,74.19228679206651,116.70909629070891,Standing,Squatting
410,13.666666666666666,74.02732818974788,74.02732818974785,74.19228679206651,116.70909629070891,Standing,Squatting
411,13.7,74.02732818974788,74.02732818974785,74.19228679206651,116.70909629070891,Standing,Squatting
412,13.733333333333333,74.02732818974788,74.02732818974785,74.19228679206651,116.70909629070891,Standing,Squatting
413,13.766666666666667,74.02732818974788,74.02732818974785,74.19228679206651,116.70909629070891,Standing,Squatting
414,13.8,74.02732818974788,74.02732818974785,74.19228679206651,116.70909629070891,Standing,Squatting
415,13.833333333333334,74.02732818974788,74.02732818974785,74.19228679206651,116.70909629070891,Standing,Squatting
416,13.866666666666667,74.02732818974788,74.02732818974785,74.19228679206651,116.70909629070891,Standing,Squatting
417,13.9,74.02732818974788,74.02732818974785,74.19228679206651,116.70909629070891,Standing,Squatting
418,13.933333333333334,74.02732818974788,74.02732818974785,74.19228679206651,116.70909629070891,Standing,Squatting
419,13.966666666666667,74.02732818974788,74.02732818974785,74.19228679206651,116.70909629070891,Standing,Squatting
420,14.0,74.02732818974788,74.02732818974785,74.19228679206651,116.70909629070891,Standing,Squatting
421,14.033333333333333,74.02732818974788,74.02732818974785,74.19228679206651,116.70909629070891,Standing,Squatting
422,14.066666666666666,74.02732818974788,74.02732818974785,74.19228679206651,116.70909629070891,Standing,Squatting
423,14.1,74.02732818974788,74.02732818974785,74.19228679206651,116.70909629070891,Standing,Squatting
424,14.133333333333333,74.02732818974788,74.02732818974785,74.19228679206651,116.70909629070891,Standing,Squatting
425,14.166666666666666,74.02732818974788,74.02732818974785,74.19228679206651,116.70909629070891,Standing,Squatting
426,14.2,74.02732818974788,74.02732818974785,74.19228679206651,116.70909629070891,Standing,Squatting
427,14.233333333333333,74.02732818974788,74.02732818974785,74.19228679206651,116.70909629070891,Standing,Squatting
428,14.266666666666667,74.02732818974788,74.02732818974785,74.19228679206651,116.70909629070891,Standing,Squatting
429,14.3,74.02732818974788,74.02732818974785,74.19228679206651,116.70909629070891,Standing,Squatting
430,14.333333333333334,74.02732818974788,74.02732818974785,74.19228679206651,116.70909629070891,Standing,Squatting
431,14.366666666666667,74.02732818974788,74.02732818974785,74.19228679206651,116.70909629070891,Standing,Squatting
432,14.4,74.02732818974788,74.02732818974785,74.19228679206651,116.70909629070891,Standing,Squatting
433,14.433333333333334,74.02732818974788,74.02732818974785,74.19228679206651,116.70909629070891,Standing,Squatting
434,14.466666666666667,74.02732818974788,74.02732818974785,74.19228679206651,116.70909629070891,Standing,Squatting
435,14.5,74.02732818974788,74.02732818974785,74.19228679206651,116.70909629070891,Standing,Squatting
436,14.533333333333333,74.02732818974788,74.02732818974785,74.19228679206651,116.70909629070891,Standing,Squatting
437,14.566666666666666,74.02732818974788,74.02732818974785,74.19228679206651,116.70909629070891,Standing,Squatting
438,14.6,74.02732818974788,74.02732818974785,74.19228679206651,116.70909629070891,Standing,Squatting
439,14.633333333333333,74.02732818974788,74.02732818974785,74.19228679206651,116.70909629070891,Standing,Squatting
440,14.666666666666666,74.02732818974788,74.02732818974785,74.19228679206651,116.70909629070891,Standing,Squatting
441,14.7,74.02732818974788,74.02732818974785,74.19228679206651,116.70909629070891,Standing,Squatting
442,14.733333333333333,74.02732818974788,74.02732818974785,74.19228679206651,116.70909629070891,Standing,Squatting
443,14.766666666666667,74.02732818974788,74.02732818974785,74.19228679206651,116.70909629070891,Standing,Squatting
444,14.8,74.02732818974788,74.02732818974785,74.19228679206651,116.70909629070891,Standing,Squatting
445,14.833333333333334,74.02732818974788,74.02732818974785,74.19228679206651,116.70909629070891,Standing,Squatting
446,14.866666666666667,74.02732818974788,74.02732818974785,74.19228679206651,116.70909629070891,Standing,Squatting
447,14.9,74.02732818974788,74.02732818974785,74.19228679206651,116.70909629070891,Standing,Squatting
448,14.933333333333334,74.02732818974788,74.02732818974785,74.19228679206651,116.70909629070891,Standing,Squatting
449,14.966666666666667,74.02732818974788,74.02732818974785,74.19228679206651,116.70909629070891,Standing,Squatting
450,15.0,74.02732818974788,74.02732818974785,74.19228679206651,116.70909629070891,Standing,Squatting
451,15.033333333333333,74.02732818974788,74.02732818974785,74.19228679206651,116.70909629070891,Standing,Squatting
452,15.066666666666666,74.02732818974788,74.02732818974785,74.19228679206651,116.70909629070891,Standing,Squatting
453,15.1,74.02732818974788,74.02732818974785,74.19228679206651,116.70909629070891,Standing,Squatting
454,15.133333333333333,74.02732818974788,74.02732818974785,74.19228679206651,116.70909629070891,Standing,Squatting
455,15.166666666666666,74.02732818974788,74.02732818974785,74.19228679206651,116.70909629070891,Standing,Squatting
456,15.2,74.02732818974788,74.02732818974785,74.19228679206651,116.70909629070891,Standing,Squatting
457,15.233333333333333,74.02732818974788,74.02732818974785,74.19228679206651,116.70909629070891,Standing,Squatting
458,15.266666666666667,74.02732818974788,74.02732818974785,74.19228679206651,116.70909629070891,Standing,Squatting
459,15.3,74.02732818974788,74.02732818974785,74.19228679206651,116.70909629070891,Standing,Squatting
460,15.333333333333334,74.02732818974788,74.02732818974785,74.19228679206651,116.70909629070891,Standing,Squatting
461,15.366666666666667,74.02732818974788,74.02732818974785,74.19228679206651,116.70909629070891,Standing,Squatting
462,15.4,74.02732818974788,74.02732818974785,74.19228679206651,116.70909629070891,Standing,Squatting
463,15.433333333333334,74.02732818974788,74.02732818974785,74.19228679206651,116.70909629070891,Standing,Squatting
464,15.466666666666667,74.02732818974788,74.02732818974785,74.19228679206651,116.70909629070891,Standing,Squatting
465,15.5,74.02732818974788,74.02732818974785,74.19228679206651,116.70909629070891,Standing,Squatting
466,15.533333333333333,74.02732818974788,74.02732818974785,74.19228679206651,116.70909629070891,Standing,Squatting
467,15.566666666666666,74.02732818974788,74.02732818974785,74.19228679206651,116.70909629070891,Standing,Squatting
468,15.6,74.02732818974788,74.02732818974785,74.19228679206651,116.70909629070891,Standing,Squatting
469,15.633333333333333,74.02732818974788,74.02732818974785,74.19228679206651,116.70909629070891,Standing,Squatting
470,15.666666666666666,74.02732818974788,74.02732818974785,74.19228679206651,116.70909629070891,Standing,Squatting
471,15.7,74.02732818974788,74.02732818974785,74.19228679206651,116.70909629070891,Standing,Squatting
472,15.733333333333333,74.02732818974788,74.02732818974785,74.19228679206651,116.70909629070891,Standing,Squatting
473,15.766666666666667,74.02732818974788,74.02732818974785,74.19228679206651,116.70909629070891,Standing,Squatting
474,15.8,74.02732818974788,74.02732818974785,74.19228679206651,116.70909629070891,Standing,Squatting
475,15.833333333333334,74.02732818974788,74.02732818974785,74.19228679206651,116.70909629070891,Standing,Squatting
476,15.866666666666667,74.02732818974788,74.02732818974785,74.19228679206651,116.70909629070891,Standing,Squatting
477,15.9,74.02732818974788,74.02732818974785,74.19228679206651,116.70909629070891,Standing,Squatting
478,15.933333333333334,74.02732818974788,74.02732818974785,74.19228679206651,116.70909629070891,Standing,Squatting
479,15.966666666666667,74.02732818974788,74.02732818974785,74.19228679206651,116.70909629070891,Standing,Squatting
480,16.0,74.02732818974788,74.02732818974785,74.19228679206651,116.70909629070891,Standing,Squatting
481,16.033333333333335,74.02732818974788,74.02732818974785,74.19228679206651,116.70909629070891,Standing,Squatting
482,16.066666666666666,74.02732818974788,74.02732818974785,74.19228679206651,116.70909629070891,Standing,Squatting
483,16.1,74.02732818974788,74.02732818974785,74.19228679206651,116.70909629070891,Standing,Squatting
484,16.133333333333333,74.02732818974788,74.02732818974785,74.19228679206651,116.70909629070891,Standing,Squatting
485,16.166666666666668,74.02732818974788,74.02732818974785,74.19228679206651,116.70909629070891,Standing,Squatting
486,16.2,74.02732818974788,74.02732818974785,74.19228679206651,116.70909629070891,Standing,Squatting
487,16.233333333333334,74.02732818974788,74.02732818974785,74.19228679206651,116.70909629070891,Standing,Squatting
488,16.266666666666666,74.02732818974788,74.02732818974785,74.19228679206651,116.70909629070891,Standing,Squatting
489,16.3,74.02732818974788,74.02732818974785,74.19228679206651,116.70909629070891,Standing,Squatting
490,16.333333333333332,74.02732818974788,74.02732818974785,74.19228679206651,116.70909629070891,Standing,Squatting
491,16.366666666666667,74.02732818974788,74.02732818974785,74.19228679206651,116.70909629070891,Standing,Squatting
492,16.4,74.02732818974788,74.02732818974785,74.19228679206651,116.70909629070891,Standing,Squatting
493,16.433333333333334,74.02732818974788,74.02732818974785,74.19228679206651,116.70909629070891,Standing,Squatting
494,16.466666666666665,74.02732818974788,74.02732818974785,74.19228679206651,116.70909629070891,Standing,Squatting
495,16.5,74.02732818974788,74.02732818974785,74.19228679206651,116.70909629070891,Standing,Squatting
496,16.533333333333335,74.02732818974788,74.02732818974785,74.19228679206651,116.70909629070891,Standing,Squatting
497,16.566666666666666,74.02732818974788,74.02732818974785,74.19228679206651,116.70909629070891,Standing,Squatting
498,16.6,74.02732818974788,74.02732818974785,74.19228679206651,116.70909629070891,Standing,Squatting
499,16.633333333333333,74.02732818974788,74.02732818974785,74.19228679206651,116.70909629070891,Standing,Squatting
500,16.666666666666668,74.02732818974788,74.02732818974785,74.19228679206651,116.70909629070891,Standing,Squatting
501,16.7,74.02732818974788,74.02732818974785,74.19228679206651,116.70909629070891,Standing,Squatting
502,16.733333333333334,74.02732818974788,74.02732818974785,74.19228679206651,116.70909629070891,Standing,Squatting
503,16.766666666666666,74.02732818974788,74.02732818974785,74.19228679206651,116.70909629070891,Standing,Squatting
504,16.8,74.02732818974788,74.02732818974785,74.19228679206651,116.70909629070891,Standing,Squatting
505,16.833333333333332,74.02732818974788,74.02732818974785,74.19228679206651,116.70909629070891,Standing,Squatting
506,16.866666666666667,74.02732818974788,74.02732818974785,74.19228679206651,116.70909629070891,Standing,Squatting
507,16.9,74.02732818974788,74.02732818974785,74.19228679206651,116.70909629070891,Standing,Squatting
508,16.933333333333334,74.02732818974788,74.02732818974785,74.19228679206651,116.70909629070891,Standing,Squatting
509,16.966666666666665,74.02732818974788,74.02732818974785,74.19228679206651,116.70909629070891,Standing,Squatting
510,17.0,74.02732818974788,74.02732818974785,74.19228679206651,116.70909629070891,Standing,Squatting
511,17.033333333333335,74.02732818974788,74.02732818974785,74.19228679206651,116.70909629070891,Standing,Squatting
512,17.066666666666666,74.02732818974788,74.02732818974785,74.19228679206651,116.70909629070891,Standing,Squatting
513,17.1,74.02732818974788,74.02732818974785,74.19228679206651,116.70909629070891,Standing,Squatting
514,17.133333333333333,74.02732818974788,74.02732818974785,74.19228679206651,116.70909629070891,Standing,Squatting
515,17.166666666666668,74.02732818974788,74.02732818974785,74.19228679206651,116.70909629070891,Standing,Squatting
516,17.2,74.02732818974788,74.02732818974785,74.19228679206651,116.70909629070891,Standing,Squatting
517,17.233333333333334,74.02732818974788,74.02732818974785,74.19228679206651,116.70909629070891,Standing,Squatting
518,17.266666666666666,74.02732818974788,74.02732818974785,74.19228679206651,116.70909629070891,Standing,Squatting
519,17.3,74.02732818974788,74.02732818974785,74.19228679206651,116.70909629070891,Standing,Squatting
520,17.333333333333332,74.02732818974788,74.02732818974785,74.19228679206651,116.70909629070891,Standing,Squatting
521,17.366666666666667,74.02732818974788,74.02732818974785,74.19228679206651,116.70909629070891,Standing,Squatting
522,17.4,74.02732818974788,74.02732818974785,74.19228679206651,116.70909629070891,Standing,Squatting
523,17.433333333333334,74.02732818974788,74.02732818974785,74.19228679206651,116.70909629070891,Standing,Squatting
524,17.466666666666665,74.02732818974788,74.02732818974785,74.19228679206651,116.70909629070891,Standing,Squatting
525,17.5,74.02732818974788,74.02732818974785,74.19228679206651,116.70909629070891,Standing,Squatting
526,17.533333333333335,74.02732818974788,74.02732818974785,74.19228679206651,116.70909629070891,Standing,Squatting
527,17.566666666666666,74.02732818974788,74.02732818974785,74.19228679206651,116.70909629070891,Standing,Squatting
528,17.6,74.02732818974788,74.02732818974785,74.19228679206651,116.70909629070891,Standing,Squatting
529,17.633333333333333,74.02732818974788,74.02732818974785,74.19228679206651,116.70909629070891,Standing,Squatting
530,17.666666666666668,74.02732818974788,74.02732818974785,74.19228679206651,116.70909629070891,Standing,Squatting
531,17.7,74.02732818974788,74.02732818974785,74.19228679206651,116.70909629070891,Standing,Squatting
532,17.733333333333334,74.02732818974788,74.02732818974785,74.19228679206651,116.70909629070891,Standing,Squatting
533,17.766666666666666,74.02732818974788,74.02732818974785,74.19228679206651,116.70909629070891,Standing,Squatting
534,17.8,74.02732818974788,74.02732818974785,74.19228679206651,116.70909629070891,Standing,Squatting
535,17.833333333333332,74.02732818974788,74.02732818974785,74.19228679206651,116.70909629070891,Standing,Squatting
536,17.866666666666667,74.02732818974788,74.02732818974785,74.19228679206651,116.70909629070891,Standing,Squatting
537,17.9,74.02732818974788,74.02732818974785,74.19228679206651,116.70909629070891,Standing,Squatting
538,17.933333333333334,74.02732818974788,74.02732818974785,74.19228679206651,116.70909629070891,Standing,Squatting
539,17.966666666666665,74.02732818974788,74.02732818974785,74.19228679206651,116.70909629070891,Standing,Squatting
540,18.0,74.02732818974788,74.02732818974785,74.19228679206651,116.70909629070891,Standing,Squatting
541,18.033333333333335,74.02732818974788,74.02732818974785,74.19228679206651,116.70909629070891,Standing,Squatting
542,18.066666666666666,74.02732818974788,74.02732818974785,74.19228679206651,116.70909629070891,Standing,Squatting
543,18.1,74.02732818974788,74.02732818974785,74.19228679206651,116.70909629070891,Standing,Squatting
544,18.133333333333333,74.02732818974788,74.02732818974785,74.19228679206651,116.70909629070891,Standing,Squatting
545,18.166666666666668,74.02732818974788,74.02732818974785,74.19228679206651,116.70909629070891,Standing,Squatting
546,18.2,74.02732818974788,74.02732818974785,74.19228679206651,116.70909629070891,Standing,Squatting
547,18.233333333333334,74.02732818974788,74.02732818974785,74.19228679206651,116.70909629070891,Standing,Squatting
548,18.266666666666666,74.02732818974788,74.02732818974785,74.19228679206651,116.70909629070891,Standing,Squatting
549,18.3,74.02732818974788,74.02732818974785,74.19228679206651,116.70909629070891,Standing,Squatting
550,18.333333333333332,74.02732818974788,74.02732818974785,74.19228679206651,116.70909629070891,Standing,Squatting
551,18.366666666666667,74.02732818974788,74.02732818974785,74.19228679206651,116.70909629070891,Standing,Squatting
552,18.4,74.02732818974788,74.02732818974785,74.19228679206651,116.70909629070891,Standing,Squatting
553,18.433333333333334,74.02732818974788,74.02732818974785,74.19228679206651,116.70909629070891,Standing,Squatting
554,18.466666666666665,74.02732818974788,74.02732818974785,74.19228679206651,116.70909629070891,Standing,Squatting
555,18.5,74.02732818974788,74.02732818974785,74.19228679206651,116.70909629070891,Standing,Squatting
556,18.533333333333335,74.02732818974788,74.02732818974785,74.19228679206651,116.70909629070891,Standing,Squatting
557,18.566666666666666,74.02732818974788,74.02732818974785,74.19228679206651,116.70909629070891,Standing,Squatting
558,18.6,74.02732818974788,74.02732818974785,74.19228679206651,116.70909629070891,Standing,Squatting
559,18.633333333333333,74.02732818974788,74.02732818974785,74.19228679206651,116.70909629070891,Standing,Squatting
560,18.666666666666668,74.02732818974788,74.02732818974785,74.19228679206651,116.70909629070891,Standing,Squatting
561,18.7,74.02732818974788,74.02732818974785,74.19228679206651,116.70909629070891,Standing,Squatting
562,18.733333333333334,74.02732818974788,74.02732818974785,74.19228679206651,116.70909629070891,Standing,Squatting
563,18.766666666666666,74.02732818974788,74.02732818974785,74.19228679206651,116.70909629070891,Standing,Squatting
564,18.8,74.02732818974788,74.02732818974785,74.19228679206651,116.70909629070891,Standing,Squatting
565,18.833333333333332,74.02732818974788,74.02732818974785,74.19228679206651,116.70909629070891,Standing,Squatting
566,18.866666666666667,74.02732818974788,74.02732818974785,74.19228679206651,116.70909629070891,Standing,Squatting
567,18.9,74.02732818974788,74.02732818974785,74.19228679206651,116.70909629070891,Standing,Squatting
568,18.933333333333334,74.02732818974788,74.02732818974785,74.19228679206651,116.70909629070891,Standing,Squatting
569,18.966666666666665,74.02732818974788,74.02732818974785,74.19228679206651,116.70909629070891,Standing,Squatting
570,19.0,74.02732818974788,74.02732818974785,74.19228679206651,116.70909629070891,Standing,Squatting
571,19.033333333333335,74.02732818974788,74.02732818974785,74.19228679206651,116.70909629070891,Standing,Squatting
572,19.066666666666666,74.02732818974788,74.02732818974785,74.19228679206651,116.70909629070891,Standing,Squatting
573,19.1,74.02732818974788,74.02732818974785,74.19228679206651,116.70909629070891,Standing,Squatting
574,19.133333333333333,74.02732818974788,74.02732818974785,74.19228679206651,116.70909629070891,Standing,Squatting
575,19.166666666666668,74.02732818974788,74.02732818974785,74.19228679206651,116.70909629070891,Standing,Squatting
576,19.2,74.02732818974788,74.02732818974785,74.19228679206651,116.70909629070891,Standing,Squatting
577,19.233333333333334,74.02732818974788,74.02732818974785,74.19228679206651,116.70909629070891,Standing,Squatting
578,19.266666666666666,74.02732818974788,74.02732818974785,74.19228679206651,116.70909629070891,Standing,Squatting
579,19.3,74.02732818974788,74.02732818974785,74.19228679206651,116.70909629070891,Standing,Squatting
580,19.333333333333332,74.02732818974788,74.02732818974785,74.19228679206651,116.70909629070891,Standing,Squatting
581,19.366666666666667,74.02732818974788,74.02732818974785,74.19228679206651,116.70909629070891,Standing,Squatting
582,19.4,74.02732818974788,74.02732818974785,74.19228679206651,116.70909629070891,Standing,Squatting
583,19.433333333333334,74.02732818974788,74.02732818974785,74.19228679206651,116.70909629070891,Standing,Squatting
584,19.466666666666665,74.02732818974788,74.02732818974785,74.19228679206651,116.70909629070891,Standing,Squatting
585,19.5,74.02732818974788,74.02732818974785,74.19228679206651,116.70909629070891,Standing,Squatting
586,19.533333333333335,74.02732818974788,74.02732818974785,74.19228679206651,116.70909629070891,Standing,Squatting
587,19.566666666666666,74.02732818974788,74.02732818974785,74.19228679206651,116.70909629070891,Standing,Squatting
588,19.6,74.02732818974788,74.02732818974785,74.19228679206651,116.70909629070891,Standing,Squatting
589,19.633333333333333,74.02732818974788,74.02732818974785,74.19228679206651,116.70909629070891,Standing,Squatting
590,19.666666666666668,74.02732818974788,74.02732818974785,74.19228679206651,116.70909629070891,Standing,Squatting
591,19.7,74.02732818974788,74.02732818974785,74.19228679206651,116.70909629070891,Standing,Squatting
592,19.733333333333334,74.02732818974788,74.02732818974785,74.19228679206651,116.70909629070891,Standing,Squatting
593,19.766666666666666,74.02732818974788,74.02732818974785,74.19228679206651,116.70909629070891,Standing,Squatting
594,19.8,74.02732818974788,74.02732818974785,74.19228679206651,116.70909629070891,Standing,Squatting
595,19.833333333333332,74.02732818974788,74.02732818974785,74.19228679206651,116.70909629070891,Standing,Squatting
596,19.866666666666667,74.02732818974788,74.02732818974785,74.19228679206651,116.70909629070891,Standing,Squatting
597,19.9,74.02732818974788,74.02732818974785,74.19228679206651,116.70909629070891,Standing,Squatting
598,19.933333333333334,74.02732818974788,74.02732818974785,74.19228679206651,116.70909629070891,Standing,Squatting
599,19.966666666666665,74.02732818974788,74.02732818974785,74.19228679206651,116.70909629070891,Standing,Squatting
600,20.0,74.02732818974788,74.02732818974785,74.19228679206651,116.70909629070891,Standing,Squatting
601,20.033333333333335,74.02732818974788,74.02732818974785,74.19228679206651,116.70909629070891,Standing,Squatting
602,20.066666666666666,74.02732818974788,74.02732818974785,74.19228679206651,116.70909629070891,Standing,Squatting
603,20.1,74.02732818974788,74.02732818974785,74.19228679206651,116.70909629070891,Standing,Squatting
604,20.133333333333333,74.02732818974788,74.02732818974785,74.19228679206651,116.70909629070891,Standing,Squatting
605,20.166666666666668,74.02732818974788,74.02732818974785,74.19228679206651,116.70909629070891,Standing,Squatting
606,20.2,74.02732818974788,74.02732818974785,74.19228679206651,116.70909629070891,Standing,Squatting
607,20.233333333333334,74.02732818974788,74.02732818974785,74.19228679206651,116.70909629070891,Standing,Squatting
608,20.266666666666666,74.02732818974788,74.02732818974785,74.19228679206651,116.70909629070891,Standing,Squatting
609,20.3,74.02732818974788,74.02732818974785,74.19228679206651,116.70909629070891,Standing,Squatting
610,20.333333333333332,74.02732818974788,74.02732818974785,74.19228679206651,116.70909629070891,Standing,Squatting
611,20.366666666666667,74.02732818974788,74.02732818974785,74.19228679206651,116.70909629070891,Standing,Squatting
612,20.4,74.02732818974788,74.02732818974785,74.19228679206651,116.70909629070891,Standing,Squatting
613,20.433333333333334,74.02732818974788,74.02732818974785,74.19228679206651,116.70909629070891,Standing,Squatting
614,20.466666666666665,74.02732818974788,74.02732818974785,74.19228679206651,116.70909629070891,Standing,Squatting
615,20.5,74.02732818974788,74.02732818974785,74.19228679206651,116.70909629070891,Standing,Squatting
616,20.533333333333335,74.02732818974788,74.02732818974785,74.19228679206651,116.70909629070891,Standing,Squatting
617,20.566666666666666,74.02732818974788,74.02732818974785,74.19228679206651,116.70909629070891,Standing,Squatting
618,20.6,74.02732818974788,74.02732818974785,74.19228679206651,116.70909629070891,Standing,Squatting
619,20.633333333333333,74.02732818974788,74.02732818974785,74.19228679206651,116.70909629070891,Standing,Squatting
620,20.666666666666668,74.02732818974788,74.02732818974785,74.19228679206651,116.70909629070891,Standing,Squatting
621,20.7,74.02732818974788,74.02732818974785,74.19228679206651,116.70909629070891,Standing,Squatting
622,20.733333333333334,74.02732818974788,74.02732818974785,74.19228679206651,116.70909629070891,Standing,Squatting
623,20.766666666666666,74.02732818974788,74.02732818974785,74.19228679206651,116.70909629070891,Standing,Squatting
624,20.8,74.02732818974788,74.02732818974785,74.19228679206651,116.70909629070891,Standing,Squatting
625,20.833333333333332,74.02732818974788,74.02732818974785,74.19228679206651,116.70909629070891,Standing,Squatting
626,20.866666666666667,74.02732818974788,74.02732818974785,74.19228679206651,116.70909629070891,Standing,Squatting
627,20.9,74.02732818974788,74.02732818974785,74.19228679206651,116.70909629070891,Standing,Squatting
628,20.933333333333334,74.02732818974788,74.02732818974785,74.19228679206651,116.70909629070891,Standing,Squatting
629,20.966666666666665,74.02732818974788,74.02732818974785,74.19228679206651,116.70909629070891,Standing,Squatting
630,21.0,74.02732818974788,74.02732818974785,74.19228679206651,116.70909629070891,Standing,Squatting
631,21.033333333333335,74.02732818974788,74.02732818974785,74.19228679206651,116.70909629070891,Standing,Squatting
632,21.066666666666666,74.02732818974788,74.02732818974785,74.19228679206651,116.70909629070891,Standing,Squatting
633,21.1,74.02732818974788,74.02732818974785,74.19228679206651,116.70909629070891,Standing,Squatting
634,21.133333333333333,74.02732818974788,74.02732818974785,74.19228679206651,116.70909629070891,Standing,Squatting
635,21.166666666666668,74.02732818974788,74.02732818974785,74.19228679206651,116.70909629070891,Standing,Squatting
636,21.2,74.02732818974788,74.02732818974785,74.19228679206651,116.70909629070891,Standing,Squatting
637,21.233333333333334,74.02732818974788,74.02732818974785,74.19228679206651,116.70909629070891,Standing,Squatting
638,21.266666666666666,74.02732818974788,74.02732818974785,74.19228679206651,116.70909629070891,Standing,Squatting
639,21.3,74.02732818974788,74.02732818974785,74.19228679206651,116.70909629070891,Standing,Squatting
640,21.333333333333332,74.02732818974788,74.02732818974785,74.19228679206651,116.70909629070891,Standing,Squatting
641,21.366666666666667,74.02732818974788,74.02732818974785,74.19228679206651,116.70909629070891,Standing,Squatting
642,21.4,74.02732818974788,74.02732818974785,74.19228679206651,116.70909629070891,Standing,Squatting
643,21.433333333333334,74.02732818974788,74.02732818974785,74.19228679206651,116.70909629070891,Standing,Squatting
644,21.466666666666665,74.02732818974788,74.02732818974785,74.19228679206651,116.70909629070891,Standing,Squatting
645,21.5,74.02732818974788,74.02732818974785,74.19228679206651,116.70909629070891,Standing,Squatting
646,21.533333333333335,74.02732818974788,74.02732818974785,74.19228679206651,116.70909629070891,Standing,Squatting
647,21.566666666666666,74.02732818974788,74.02732818974785,74.19228679206651,116.70909629070891,Standing,Squatting
648,21.6,74.02732818974788,74.02732818974785,74.19228679206651,116.70909629070891,Standing,Squatting
649,21.633333333333333,74.02732818974788,74.02732818974785,74.19228679206651,116.70909629070891,Standing,Squatting
650,21.666666666666668,74.02732818974788,74.02732818974785,74.19228679206651,116.70909629070891,Standing,Squatting
651,21.7,74.02732818974788,74.02732818974785,74.19228679206651,116.70909629070891,Standing,Squatting
652,21.733333333333334,74.02732818974788,74.02732818974785,74.19228679206651,116.70909629070891,Standing,Squatting
653,21.766666666666666,74.02732818974788,74.02732818974785,74.19228679206651,116.70909629070891,Standing,Squatting
654,21.8,74.02732818974788,74.02732818974785,74.19228679206651,116.70909629070891,Standing,Squatting
655,21.833333333333332,74.02732818974788,74.02732818974785,74.19228679206651,116.70909629070891,Standing,Squatting
656,21.866666666666667,74.02732818974788,74.02732818974785,74.19228679206651,116.70909629070891,Standing,Squatting
657,21.9,74.02732818974788,74.02732818974785,74.19228679206651,116.70909629070891,Standing,Squatting
658,21.933333333333334,74.02732818974788,74.02732818974785,74.19228679206651,116.70909629070891,Standing,Squatting
659,21.966666666666665,74.02732818974788,74.02732818974785,74.19228679206651,116.70909629070891,Standing,Squatting
660,22.0,74.02732818974788,74.02732818974785,74.19228679206651,116.70909629070891,Standing,Squatting
661,22.033333333333335,74.02732818974788,74.02732818974785,74.19228679206651,116.70909629070891,Standing,Squatting
662,22.066666666666666,74.02732818974788,74.02732818974785,74.19228679206651,116.70909629070891,Standing,Squatting
663,22.1,74.02732818974788,74.02732818974785,74.19228679206651,116.70909629070891,Standing,Squatting
664,22.133333333333333,74.02732818974788,74.02732818974785,74.19228679206651,116.70909629070891,Standing,Squatting
665,22.166666666666668,74.02732818974788,74.02732818974785,74.19228679206651,116.70909629070891,Standing,Squatting
666,22.2,74.02732818974788,74.02732818974785,74.19228679206651,116.70909629070891,Standing,Squatting
667,22.233333333333334,74.02732818974788,74.02732818974785,74.19228679206651,116.70909629070891,Standing,Squatting
668,22.266666666666666,74.02732818974788,74.02732818974785,74.19228679206651,116.70909629070891,Standing,Squatting
669,22.3,74.02732818974788,74.02732818974785,74.19228679206651,116.70909629070891,Standing,Squatting
670,22.333333333333332,74.02732818974788,74.02732818974785,74.19228679206651,116.70909629070891,Standing,Squatting
671,22.366666666666667,74.02732818974788,74.02732818974785,74.19228679206651,116.70909629070891,Standing,Squatting
672,22.4,74.02732818974788,74.02732818974785,74.19228679206651,116.70909629070891,Standing,Squatting
673,22.433333333333334,74.02732818974788,74.02732818974785,74.19228679206651,116.70909629070891,Standing,Squatting
674,22.466666666666665,74.02732818974788,74.02732818974785,74.19228679206651,116.70909629070891,Standing,Squatting
675,22.5,74.02732818974788,74.02732818974785,74.19228679206651,116.70909629070891,Standing,Squatting
676,22.533333333333335,74.02732818974788,74.02732818974785,74.19228679206651,116.70909629070891,Standing,Squatting
677,22.566666666666666,74.02732818974788,74.02732818974785,74.19228679206651,116.70909629070891,Standing,Squatting
678,22.6,74.02732818974788,74.02732818974785,74.19228679206651,116.70909629070891,Standing,Squatting
679,22.633333333333333,74.02732818974788,74.02732818974785,74.19228679206651,116.70909629070891,Standing,Squatting
680,22.666666666666668,74.02732818974788,74.02732818974785,74.19228679206651,116.70909629070891,Standing,Squatting
681,22.7,74.02732818974788,74.02732818974785,74.19228679206651,116.70909629070891,Standing,Squatting
682,22.733333333333334,74.02732818974788,74.02732818974785,74.19228679206651,116.70909629070891,Standing,Squatting
683,22.766666666666666,74.02732818974788,74.02732818974785,74.19228679206651,116.70909629070891,Standing,Squatting
684,22.8,74.02732818974788,74.02732818974785,74.19228679206651,116.70909629070891,Standing,Squatting
685,22.833333333333332,74.02732818974788,74.02732818974785,74.19228679206651,116.70909629070891,Standing,Squatting
686,22.866666666666667,74.02732818974788,74.02732818974785,74.19228679206651,116.70909629070891,Standing,Squatting
687,22.9,74.02732818974788,74.02732818974785,74.19228679206651,116.70909629070891,Standing,Squatting
688,22.933333333333334,74.02732818974788,74.02732818974785,74.19228679206651,116.70909629070891,Standing,Squatting
689,22.966666666666665,74.02732818974788,74.02732818974785,74.19228679206651,116.70909629070891,Standing,Squatting
690,23.0,74.02732818974788,74.02732818974785,74.19228679206651,116.70909629070891,Standing,Squatting
691,23.033333333333335,74.02732818974788,74.02732818974785,74.19228679206651,116.70909629070891,Standing,Squatting
692,23.066666666666666,74.02732818974788,74.02732818974785,74.19228679206651,116.70909629070891,Standing,Squatting
693,23.1,74.02732818974788,74.02732818974785,74.19228679206651,116.70909629070891,Standing,Squatting
694,23.133333333333333,74.02732818974788,74.02732818974785,74.19228679206651,116.70909629070891,Standing,Squatting
695,23.166666666666668,74.02732818974788,74.02732818974785,74.19228679206651,116.70909629070891,Standing,Squatting
696,23.2,74.02732818974788,74.02732818974785,74.19228679206651,116.70909629070891,Standing,Squatting
697,23.233333333333334,74.02732818974788,74.02732818974785,74.19228679206651,116.70909629070891,Standing,Squatting
698,23.266666666666666,74.02732818974788,74.02732818974785,74.19228679206651,116.70909629070891,Standing,Squatting
699,23.3,74.02732818974788,74.02732818974785,74.19228679206651,116.70909629070891,Standing,Squatting
700,23.333333333333332,74.02732818974788,74.02732818974785,74.19228679206651,116.70909629070891,Standing,Squatting
701,23.366666666666667,74.02732818974788,74.02732818974785,74.19228679206651,116.70909629070891,Standing,Squatting
702,23.4,74.02732818974788,74.02732818974785,74.19228679206651,116.70909629070891,Standing,Squatting
703,23.433333333333334,74.02732818974788,74.02732818974785,74.19228679206651,116.70909629070891,Standing,Squatting
704,23.466666666666665,74.02732818974788,74.02732818974785,74.19228679206651,116.70909629070891,Standing,Squatting
705,23.5,74.02732818974788,74.02732818974785,74.19228679206651,116.70909629070891,Standing,Squatting
706,23.533333333333335,74.02732818974788,74.02732818974785,74.19228679206651,116.70909629070891,Standing,Squatting
707,23.566666666666666,74.02732818974788,74.02732818974785,74.19228679206651,116.70909629070891,Standing,Squatting
708,23.6,74.02732818974788,74.02732818974785,74.19228679206651,116.70909629070891,Standing,Squatting
709,23.633333333333333,74.02732818974788,74.02732818974785,74.19228679206651,116.70909629070891,Standing,Squatting
710,23.666666666666668,74.02732818974788,74.02732818974785,74.19228679206651,116.70909629070891,Standing,Squatting
711,23.7,74.02732818974788,74.02732818974785,74.19228679206651,116.70909629070891,Standing,Squatting
712,23.733333333333334,74.02732818974788,74.02732818974785,74.19228679206651,116.70909629070891,Standing,Squatting
713,23.766666666666666,74.02732818974788,74.02732818974785,74.19228679206651,116.70909629070891,Standing,Squatting
714,23.8,74.02732818974788,74.02732818974785,74.19228679206651,116.70909629070891,Standing,Squatting
715,23.833333333333332,74.02732818974788,74.02732818974785,74.19228679206651,116.70909629070891,Standing,Squatting
716,23.866666666666667,74.02732818974788,74.02732818974785,74.19228679206651,116.70909629070891,Standing,Squatting
717,23.9,74.02732818974788,74.02732818974785,74.19228679206651,116.70909629070891,Standing,Squatting
718,23.933333333333334,74.02732818974788,74.02732818974785,74.19228679206651,116.70909629070891,Standing,Squatting
719,23.966666666666665,74.02732818974788,74.02732818974785,74.19228679206651,116.70909629070891,Standing,Squatting
720,24.0,74.02732818974788,74.02732818974785,74.19228679206651,116.70909629070891,Standing,Squatting
721,24.033333333333335,74.02732818974788,74.02732818974785,74.19228679206651,116.70909629070891,Standing,Squatting
722,24.066666666666666,74.02732818974788,74.02732818974785,74.19228679206651,116.70909629070891,Standing,Squatting
723,24.1,74.02732818974788,74.02732818974785,74.19228679206651,116.70909629070891,Standing,Squatting
724,24.133333333333333,74.02732818974788,74.02732818974785,74.19228679206651,116.70909629070891,Standing,Squatting
725,24.166666666666668,74.02732818974788,74.02732818974785,74.19228679206651,116.70909629070891,Standing,Squatting
726,24.2,74.02732818974788,74.02732818974785,74.19228679206651,116.70909629070891,Standing,Squatting
727,24.233333333333334,74.02732818974788,74.02732818974785,74.19228679206651,116.70909629070891,Standing,Squatting
728,24.266666666666666,74.02732818974788,74.02732818974785,74.19228679206651,116.70909629070891,Standing,Squatting
729,24.3,74.02732818974788,74.02732818974785,74.19228679206651,116.70909629070891,Standing,Squatting
730,24.333333333333332,74.02732818974788,74.02732818974785,74.19228679206651,116.70909629070891,Standing,Squatting
731,24.366666666666667,74.02732818974788,74.02732818974785,74.19228679206651,116.70909629070891,Standing,Squatting
732,24.4,74.02732818974788,74.02732818974785,74.19228679206651,116.70909629070891,Standing,Squatting
733,24.433333333333334,74.02732818974788,74.02732818974785,74.19228679206651,116.70909629070891,Standing,Squatting
734,24.466666666666665,74.02732818974788,74.02732818974785,74.19228679206651,116.70909629070891,Standing,Squatting
735,24.5,74.02732818974788,74.02732818974785,74.19228679206651,116.70909629070891,Standing,Squatting
736,24.533333333333335,74.02732818974788,74.02732818974785,74.19228679206651,116.70909629070891,Standing,Squatting
737,24.566666666666666,74.02732818974788,74.02732818974785,74.19228679206651,116.70909629070891,Standing,Squatting
738,24.6,74.02732818974788,74.02732818974785,74.19228679206651,116.70909629070891,Standing,Squatting
739,24.633333333333333,74.02732818974788,74.02732818974785,74.19228679206651,116.70909629070891,Standing,Squatting
740,24.666666666666668,74.02732818974788,74.02732818974785,74.19228679206651,116.70909629070891,Standing,Squatting
741,24.7,74.02732818974788,74.02732818974785,74.19228679206651,116.70909629070891,Standing,Squatting
742,24.733333333333334,74.02732818974788,74.02732818974785,74.19228679206651,116.70909629070891,Standing,Squatting
743,24.766666666666666,74.02732818974788,74.02732818974785,74.19228679206651,116.70909629070891,Standing,Squatting
744,24.8,74.02732818974788,73.82705230193854,73.58061611631085,120.90146442666553,Standing,Squatting
745,24.833333333333332,74.02732818974788,73.5910041721423,72.99792749940842,123.22678367148559,Standing,Squatting
746,24.866666666666667,74.02732818974788,74.23461825669692,74.03631980980144,117.07372157818268,Standing,Squatting
747,24.9,74.02732818974788,74.99437621425723,76.17010446666963,103.34659425888313,Standing,Squatting
748,24.933333333333334,74.02732818974788,76.01664046036593,79.33053878025771,83.489937929295,Standing,Squatting
749,24.966666666666665,77.03382842335506,76.9300324441885,82.69983302494865,65.15388307364425,Standing,Squatting
750,25.0,84.69088623937405,77.03622239383289,85.26335925905353,54.6992388155323,Standing,Squatting
751,25.033333333333335,68.27449008904048,70.47495939085904,80.7487894383064,49.883689790739794,Standing,Squatting
752,25.066666666666666,50.46536659714704,8.413064075512072,3.233057572355911,48.28601579331734,Standing,Squatting
753,25.1,55.92760215619433,61.42915700616073,49.104565835025554,48.53645869736122,Standing,Squatting
754,25.133333333333333,61.73732716602284,61.951037182450015,49.55650686757646,50.15793457912298,Standing,Squatting
755,25.166666666666668,61.38954033411106,60.67717077452198,48.72351390800697,50.28059615079678,Standing,Squatting
756,25.2,61.98930540243744,61.18655325124931,49.44475520118504,51.1078428993981,Standing,Squatting
757,25.233333333333334,62.98142969703034,63.14721827771031,51.61021618845072,51.40211789851042,Standing,Squatting
758,25.266666666666666,59.886702333247136,66.2308815647927,55.227913596725,51.466064723565616,Standing,Squatting
759,25.3,70.00163977257895,70.32658798247469,60.03979217209289,51.175058709801895,Standing,Squatting
760,25.333333333333332,77.6568668619894,74.126347127636,64.6924912568352,50.95886693800222,Standing,Squatting
761,25.366666666666667,78.4876604183649,77.06629172096542,68.70334181758454,50.584950410446275,Standing,Squatting
762,25.4,78.9514719282472,79.76759157743518,72.36949510440802,50.40419824999053,Standing,Squatting
763,25.433333333333334,82.35200310150962,82.32814154932812,75.57610100251486,50.6772898017421,Standing,Squatting
764,25.466666666666665,83.38383606260166,84.75127332368926,78.16721849219938,51.42490095220611,Standing,Squatting
765,25.5,88.37091347880764,87.91520279967844,81.48012388112537,52.643749304414115,Standing,Squatting
766,25.533333333333335,93.44083619214781,92.85050261879276,86.4634524114048,54.1451691434561,Standing,Squatting
767,25.566666666666666,97.59505055043219,98.70119994106312,92.50284270770138,55.69773883240064,Standing,Squatting
768,25.6,103.89867014317163,104.91646945105254,99.07610755303473,57.37909970036555,Standing,Squatting
769,25.633333333333333,110.62787774353757,110.76591479956828,105.27678825132635,59.09886815298947,Standing,Squatting
770,25.666666666666668,116.43650691492529,115.74562976696274,110.69764029313961,60.918627440000726,Standing,Squatting
771,25.7,121.3463689074,119.95302783993117,115.45953742604554,63.34933898127579,Standing,Squatting
772,25.733333333333334,124.15234680465731,123.7319143020426,119.81816164433545,66.7296563778569,Standing,Squatting
773,25.766666666666666,126.2797690302678,127.00751706281766,123.66104132980145,71.69691284390368,Standing,Squatting
774,25.8,129.0839392568783,129.95593557653555,127.12476087504217,77.51542722517696,Standing,Squatting
775,25.833333333333332,132.34318812311056,132.88031381350837,130.42664326594564,83.7576857797218,Standing,Squatting
776,25.866666666666667,136.51232096386116,135.85622896142021,133.6650075103483,90.65649639222993,Standing,Squatting
777,25.9,139.13802419650798,139.0684105738843,137.10736708023862,97.40852362065118,Standing,Squatting
778,25.933333333333334,141.63605436606517,141.72947786915537,140.10424078605075,103.94686860047379,Standing,Squatting
779,25.966666666666665,144.63620274406819,144.23766458473065,142.98713030926316,109.79134281147093,Standing,Squatting
780,26.0,146.97723627348978,146.4913691034813,145.76070140141724,115.461581283908,Standing,Standing
781,26.033333333333335,148.38351836964867,148.43199758790854,148.35211408098456,121.46751002690587,Standing,Standing
782,26.066666666666666,148.71474812122727,150.39033335769977,151.0538664660085,128.1187172967139,Standing,Standing
783,26.1,152.6897543574702,151.99178145476168,153.7140980948211,134.64447974157548,Standing,Standing
784,26.133333333333333,153.8109035609076,153.22014056682502,156.13217513861085,140.69039048910057,Standing,Standing
785,26.166666666666668,154.62774816904238,154.23232574094138,158.3186629689016,146.51876818389098,Standing,Standing
786,26.2,155.64688003242185,155.07280524098164,160.39644066663902,151.50167646118382,Standing,Standing
787,26.233333333333334,155.30276662111623,155.74677932537983,162.2680671229973,156.02611873638202,Standing,Standing
788,26.266666666666666,155.86547625346302,156.25286170209299,163.73674952801287,160.42819939046024,Standing,Standing
789,26.3,156.85818552789624,157.22645825380746,165.3086313911788,164.08734812042687,Standing,Standing
790,26.333333333333332,158.2438844150959,158.57801101735694,167.22744605453124,168.0135384140325,Standing,Standing
791,26.366666666666667,160.26014769948526,160.33830008823332,169.59159198262722,171.93280978415976,Standing,Standing
792,26.4,162.70886465460939,162.49063370704562,172.37427571431795,175.84690736747172,Standing,Standing
793,26.433333333333334,164.67491602052957,164.65740255406402,175.31053821023147,179.0322678500423,Standing,Standing
794,26.466666666666665,167.0453249957395,166.82636346021553,178.32923402521595,178.44397501131323,Standing,Standing
795,26.5,168.9819648960764,168.8329259028503,178.59913994704397,176.7763630804399,Standing,Standing
796,26.533333333333335,170.49211051146207,170.5663238330705,175.68799939046062,176.1066187538106,Standing,Standing
797,26.566666666666666,171.8177857076104,172.03853641662496,173.1715617861155,176.2992507483288,Standing,Standing
798,26.6,173.42949627514267,173.26112593871895,171.2128891326907,177.28810066110748,Standing,Standing
799,26.633333333333333,174.32072144698714,174.19640178812782,169.82904471534738,178.6641328320834,Standing,Standing
800,26.666666666666668,174.90400234530284,174.68497586759466,168.78017773825204,179.8941986171936,Standing,Standing
801,26.7,175.31342811721305,175.014209924559,167.9925715466184,179.10748113164436,Standing,Standing
802,26.733333333333334,175.39583743099828,175.29711629025164,167.40107289324172,178.434009414822,Standing,Standing
803,26.766666666666666,175.39583743099828,175.5668967312436,167.02031220995616,177.89026115385056,Standing,Standing
804,26.8,174.9313015844487,176.04151458900105,166.44383002707875,177.60801775832897,Standing,Standing
805,26.833333333333332,176.81233743195443,176.77071869458234,165.678869998924,177.44562321143317,Standing,Standing
806,26.866666666666667,177.8760731564255,177.65799064178327,164.8969433749248,177.4009213615962,Standing,Standing
807,26.9,178.62806099005698,178.60920207039587,164.1405475450364,177.24257357136344,Standing,Standing
808,26.933333333333334,179.745263190106,179.4873577708015,163.51013485846897,177.0189865999234,Standing,Standing
809,26.966666666666665,179.50322823013644,179.73827823816148,163.01629791121704,176.6687962276652,Standing,Standing
810,27.0,179.50322823013644,179.3137791406869,162.60876294100672,176.43561753066786,Standing,Standing
811,27.033333333333335,179.50322823013644,179.0942485328116,162.3475640479152,176.54537724563787,Standing,Standing
812,27.066666666666666,179.50322823013644,179.33345474993592,162.65442786015007,176.2754567803368,Standing,Standing
813,27.1,179.50322823013644,179.90328807589307,163.52640491683786,175.4911204203875,Standing,Standing
814,27.133333333333333,179.38026567979614,178.6424848333789,164.92477579181593,174.07802514273857,Standing,Standing
815,27.166666666666668,177.21081297027862,176.92886380629545,166.96405757365224,171.80995632986514,Standing,Standing
816,27.2,174.58455364503521,174.91242555960557,169.50541486826887,169.13872055324765,Standing,Standing
817,27.233333333333334,172.4248296522651,172.91929191325627,172.18723794236985,165.5090841578561,Standing,Standing
818,27.266666666666666,170.14305688397224,170.76940721406598,175.09879443437285,159.877795456739,Standing,Standing
819,27.3,168.4461783484494,168.7155035881681,177.81493744242627,151.80118025001434,Standing,Standing
820,27.333333333333332,167.42261909361005,166.88575068358156,179.89782463111746,141.6619877173057,Standing,Standing
821,27.366666666666667,165.96851723817485,164.9894057260507,177.63708685338446,130.4859082943699,Standing,Standing
822,27.4,162.37106850968803,162.9324258070613,175.2756356689765,118.55566387908908,Standing,Standing
823,27.433333333333334,160.69491838876863,160.83651826816558,172.96563187830972,107.38378694797571,Standing,Standing
824,27.466666666666665,158.9684161824813,158.72015626702472,170.5451132873068,98.23058642405293,Standing,Standing
825,27.5,156.20199723518462,156.62674168698956,168.04782777222132,90.47139202189365,Standing,Standing
826,27.533333333333335,154.67465681992525,154.89781995249913,165.6914957134144,83.49099166449474,Standing,Standing
827,27.566666666666666,153.51374067075798,153.54337174957735,163.6089325898415,77.86158508902588,Standing,Standing
828,27.6,152.20596752067007,152.062559695806,161.46020012304277,73.13544145201678,Standing,Standing
829,27.633333333333333,150.69773403953417,150.72657085283257,159.48608009880763,68.84139172817851,Standing,Standing
830,27.666666666666668,149.89844092744866,149.5268778163954,157.47368265753255,64.79702584906039,Standing,Standing
831,27.7,148.1275798150535,148.115939326078,155.20538463941492,60.62887258148818,Standing,Standing
832,27.733333333333334,146.2265368980742,146.66276098138633,152.8583335949834,56.87454635002688,Standing,Standing
833,27.766666666666666,145.19524985674062,145.07945037531908,150.17927097341837,54.28103375932359,Standing,Standing
834,27.8,143.40661606150834,143.17018721827807,147.1656614671267,52.538372688490156,Squatting,Squatting
835,27.833333333333332,141.3611178879225,141.27824438023856,144.20802593933377,51.50263699053499,Squatting,Squatting
836,27.866666666666667,139.4710344656239,139.21882591573043,140.99762817374378,50.62841799276421,Squatting,Squatting
837,27.9,136.5384924190803,136.8649874080988,137.72947887584235,50.21351463018121,Squatting,Squatting
838,27.933333333333334,133.6998846138788,134.40480849937745,134.6318528987245,50.17061085777737,Squatting,Squatting
839,27.966666666666665,133.03473942803734,131.93441000753424,131.65889795642997,50.29105758126929,Squatting,Squatting
840,28.0,128.88966114175278,129.57601308804811,128.8668205565305,50.18309502445918,Squatting,Squatting
841,28.033333333333335,126.38596003938288,126.93973967321888,125.95371984616617,49.90716066429637,Squatting,Squatting
842,28.066666666666666,124.65239831003645,124.040462133809,122.94808146611058,49.57237475242993,Squatting,Squatting
843,28.1,121.24776667933766,121.02771482564802,119.79568855957753,49.51784400640004,Squatting,Squatting
844,28.133333333333333,118.1782551663754,117.29931552050617,116.01468528521312,49.75304238700492,Squatting,Squatting
845,28.166666666666668,112.24902365719035,113.49697655117905,112.20071224667534,49.80752191160923,Squatting,Squatting
846,28.2,108.84322537692819,108.91705530740053,107.54852453688402,49.633522668261314,Squatting,Squatting
847,28.233333333333334,105.4411108416175,103.88926476183062,102.45548847603825,49.57343968494555,Squatting,Squatting
848,28.266666666666666,97.93432434899775,98.64436087765534,97.12496040420555,49.67846125318472,Squatting,Squatting
849,28.3,93.62396957782276,93.32005723069605,91.70595248324881,49.61285298189561,Squatting,Squatting
850,28.333333333333332,88.08101391404912,88.53030058568459,86.73807507018199,49.43410682371662,Squatting,Squatting
851,28.366666666666667,83.92972864763163,84.1137095835577,82.16831592010018,49.21109550123937,Squatting,Squatting
852,28.4,79.71063329838755,80.54423767192345,78.42710944480275,48.973400043602574,Squatting,Squatting
853,28.433333333333334,77.26025443788211,77.90172311451688,75.45415162545544,48.881939329790264,Squatting,Squatting
854,28.466666666666665,75.94776552510405,75.5778795630913,72.89292765640666,48.818951826899486,Squatting,Squatting
855,28.5,74.08956338493624,73.62839051075362,70.92654928346967,48.501637415676754,Squatting,Squatting
856,28.533333333333335,71.88953836855167,71.86950958605074,69.60524244123752,48.0655522986811,Squatting,Squatting
857,28.566666666666666,69.29767166331986,69.45157230391143,67.3105062987764,47.66075305020961,Squatting,Squatting
858,28.6,67.2386737191148,66.2241179922539,63.82913471515193,47.24379627153565,Squatting,Squatting
859,28.633333333333333,64.13044290546038,61.93690265112325,58.58316767150298,46.680286547839465,Squatting,Squatting
860,28.666666666666668,60.44700475988397,58.027867762402586,53.45156292581597,46.19244410606578,Squatting,Squatting
861,28.7,51.67191376355616,54.68725535031642,48.858236691369825,45.86885524530797,Squatting,Squatting
862,28.733333333333334,48.58862591378156,52.65714174964419,45.55948993649756,45.592446827088935,Squatting,Squatting
863,28.766666666666666,48.07241187420663,52.5168341500454,44.40579698613686,45.65712013329497,Squatting,Squatting
864,28.8,55.74899090192577,53.80770949660981,45.11561219190138,45.764549096047844,Squatting,Squatting
865,28.833333333333332,58.0969291911045,56.70027279175896,48.071933054512144,45.96828203255139,Squatting,Squatting
866,28.866666666666667,63.3313399313518,60.641472803459244,52.8963233807243,46.117438698754334,Squatting,Squatting
867,28.9,65.97331269923731,63.345450844744896,56.44925040487886,46.28181693964371,Squatting,Squatting
868,28.933333333333334,62.891877129238594,64.78859553875017,58.50685452979708,46.464046363793045,Squatting,Squatting
869,28.966666666666665,64.51380342431015,64.85553042487764,58.74233687579667,46.674466547241764,Squatting,Squatting
870,29.0,65.3140575901872,64.81788739430878,58.844375822357364,46.86867731902564,Squatting,Squatting
871,29.033333333333335,64.74364323298006,64.70302471520631,58.667000012941486,47.00807828930218,Squatting,Squatting
872,29.066666666666666,65.57081788386107,65.90508222343031,59.711545458343736,46.93868380253197,Squatting,Squatting
873,29.1,67.49127114514022,68.61861570358863,62.32377470796182,46.69397260234757,Squatting,Squatting
874,29.133333333333333,70.02353852153688,71.48799193767289,65.13949815777545,46.40933937137868,Squatting,Squatting
875,29.166666666666668,76.13897243700059,75.71473485084017,69.45556993832398,46.246326418316855,Squatting,Squatting
876,29.2,82.2405642471503,80.5455418073916,74.56108716821544,46.184304752397935,Squatting,Squatting
877,29.233333333333334,85.94326213871086,85.35477462681533,79.77484543616616,46.5084285750528,Squatting,Squatting
878,29.266666666666666,89.06518678802186,89.93127855275876,84.69695156399663,47.11012697020027,Squatting,Squatting
879,29.3,96.08427106602448,94.7959959484422,89.8988855416442,47.83166853140679,Squatting,Squatting
880,29.333333333333332,99.45579277448012,100.0111442629539,95.29828187629914,48.796971064832604,Squatting,Squatting
881,29.366666666666667,104.68146298353885,106.14891737600468,101.65291374094596,49.929796604071115,Squatting,Squatting
882,29.4,110.84701205607249,112.52682985641997,108.41812528216029,51.049173049583935,Squatting,Squatting
883,29.433333333333334,119.16370007708565,118.6796701276632,115.30006014214442,52.31193029874823,Squatting,Squatting
884,29.466666666666665,124.93640025322159,124.1735318756521,121.66928399937758,54.111133135064556,Squatting,Squatting
885,29.5,129.42946081826872,128.87386135359702,127.22610632735719,56.74503163705218,Squatting,Squatting
886,29.533333333333335,132.26640070306712,132.71609959659884,131.88777548301417,59.840313656989636,Squatting,Squatting
887,29.566666666666666,136.15730255438962,135.87699124518136,135.63154299796076,64.00235403899283,Squatting,Squatting
888,29.6,138.71882386358837,138.50890870853294,138.7595647219614,68.79095907983557,Squatting,Squatting
889,29.633333333333333,140.52278354613017,141.07562611751848,141.77724098194537,74.27419141705538,Squatting,Squatting
890,29.666666666666668,143.42187220806542,143.42172481337153,144.4553129614248,80.03290622746901,Squatting,Squatting
891,29.7,145.70354136597123,145.56994386760022,146.9779131082247,85.44074433784995,Squatting,Standing
892,29.733333333333334,147.28152986673928,147.32305087039714,149.28889939911693,90.63457210156763,Standing,Standing
893,29.766666666666666,149.50882433359783,149.00205444281852,151.70406321133905,95.98716186018572,Standing,Standing
894,29.8,150.41060211919665,150.52170578516876,154.0644477529578,102.21748966303393,Standing,Standing
895,29.833333333333332,151.74474414854274,151.84888296562733,156.22699398971704,109.4931056038032,Standing,Standing
896,29.866666666666667,152.76256180232875,153.1104812481807,158.24720031315155,118.00617021172337,Standing,Standing
897,29.9,154.42741682570906,154.2176478858331,159.971188951846,127.27289753793222,Standing,Standing
898,29.933333333333334,155.52289211424088,155.18603200582496,161.67270357673223,136.3566517014704,Standing,Standing
899,29.966666666666665,156.55892778106534,156.26425158260983,163.38554112769344,144.9545299376372,Standing,Standing
900,30.0,157.402238848194,157.4581872520601,165.09767092273455,152.6415509867778,Standing,Standing
901,30.033333333333335,158.32261259279156,159.1121016722068,167.3069315165083,159.53113821292789,Standing,Standing
902,30.066666666666666,160.3249872156837,160.9103117767073,169.7776167600795,165.94845790426538,Standing,Standing
903,30.1,162.734895087537,162.8828645424807,172.47154933870712,171.18154572998964,Standing,Standing
904,30.133333333333333,165.56861948945962,165.10096592076874,175.7199617481548,175.36351305946036,Standing,Standing
905,30.166666666666668,168.4177410812135,167.28140206674956,179.04970551031212,178.40027604511815,Standing,Standing
906,30.2,168.79610393643617,169.1811472154609,177.76449488926875,179.47584352384783,Standing,Standing
907,30.233333333333334,170.2824034082634,170.7371774046396,174.92805039103052,178.6616852367591,Standing,Standing
908,30.266666666666666,172.3220348690242,171.91466209714795,172.5606035779279,178.57946111233437,Standing,Standing
909,30.3,172.6638726699529,172.7668297952113,170.85100946784328,178.74024800885394,Standing,Standing
910,30.333333333333332,173.37756531759553,173.42311273065886,169.58561149895206,178.9662774529392,Standing,Standing
911,30.366666666666667,174.4128669646567,174.16823397620186,168.40530531128803,179.48154987840496,Standing,Standing
912,30.4,174.50124084754881,174.4974127862178,167.8276608262126,179.73031714975255,Standing,Standing
913,30.433333333333334,174.83378939589608,174.80983446401132,167.45206589079447,179.786306574653,Standing,Standing
914,30.466666666666665,175.20166609244654,175.3588475507647,167.0148922546998,179.70799424801552,Standing,Standing
915,30.5,175.95102207623324,175.94979466439023,166.5115412280942,179.5028661600829,Standing,Standing
916,30.533333333333335,175.86750451819398,176.65952230772635,165.86473086208616,179.25699550570394,Standing,Standing
917,30.566666666666666,177.81609267135295,177.5596160110153,165.03783008636046,179.10948771099825,Standing,Standing
918,30.6,178.70311155647144,178.44266009206828,164.17725430600873,178.89321623118036,Standing,Standing
919,30.633333333333333,179.2921501080201,179.29585026967302,163.37633272012565,178.6416871369617,Standing,Standing
920,30.666666666666668,179.95954756280852,179.9528696697042,162.6170621023147,178.38878202874514,Standing,Standing
921,30.7,179.59848914012218,179.53734139185886,161.96358334361935,178.2296753852482,Standing,Standing
922,30.733333333333334,179.59848914012218,179.46449276485853,161.73898266610223,177.97043516717738,Standing,Standing
923,30.766666666666666,179.59848914012218,179.69155852665065,161.97890235020378,177.6682542188543,Standing,Standing
924,30.8,179.6540731342559,179.65156361045308,162.81915422095554,177.0984346338611,Standing,Standing
925,30.833333333333332,178.99388641777054,178.45261141402096,164.15007028846654,176.26672782063216,Standing,Standing
926,30.866666666666667,177.1966506546121,176.8089243682521,166.17917498147222,175.13693323489608,Standing,Standing
927,30.9,174.90530779682916,174.94610384146466,168.51802374194057,173.21329011759758,Standing,Standing
928,30.933333333333334,172.73358769024406,173.09700578342313,171.03565839175613,169.83844703959696,Standing,Standing
929,30.966666666666665,170.48114831930576,171.1894469424874,173.73211076108396,165.53290149378006,Standing,Standing
930,31.0,168.9766415596951,169.32208867562318,176.29146415639812,158.03427028850712,Standing,Standing
931,31.033333333333335,168.06277216324008,167.67133235824417,178.6060681557278,147.78919900467469,Standing,Standing
932,31.066666666666666,166.64465903697845,165.93381620981154,179.0245497809353,135.35000910715894,Standing,Standing
933,31.1,163.6802887931448,164.02972736078507,176.523367649462,122.66480189527559,Standing,Standing
934,31.133333333333333,162.00653701497737,161.88980092612016,173.87057894757743,111.2626926664833,Standing,Standing
935,31.166666666666668,159.91678621223403,159.43830777216425,170.9740408294913,101.8685105598547,Standing,Standing
936,31.2,156.65633912758918,156.94837421437785,167.91576660319438,93.2179821948029,Standing,Standing
937,31.233333333333334,154.52595304803228,154.80390336890824,165.17298411006078,85.71759177826414,Standing,Standing
938,31.266666666666666,152.41013983036635,152.8941544634421,162.49826497640015,79.20222720165218,Standing,Standing
939,31.3,150.73262975741977,151.0452213621866,159.80105645374823,73.36423210005522,Standing,Standing
940,31.333333333333332,149.669905843543,149.35047017666054,157.22594112186812,67.97787445337401,Standing,Standing
941,31.366666666666667,148.6078786330221,147.95090995810867,154.70385227162237,63.12915547414579,Standing,Standing
942,31.4,145.91699183599124,146.29718821097615,151.82495660525115,59.048676986309175,Standing,Standing
943,31.433333333333334,144.44049897804535,144.27518275938036,148.50286465333122,55.597632366342175,Squatting,Squatting
944,31.466666666666665,142.2750049578381,142.12494498230612,145.08374933925901,53.32530514647482,Squatting,Squatting
945,31.5,140.42490312908532,139.82633457852722,141.6853178499218,51.87294667959688,Squatting,Squatting
946,31.533333333333335,136.58574247229504,137.27054289770766,138.2326297439973,50.807075891023096,Squatting,Squatting
947,31.566666666666666,133.86090632399703,134.87405379301381,135.16641871377828,50.48733441467608,Squatting,Squatting
948,31.6,133.18901946774267,132.34944490312213,132.1168589004722,50.7098774236357,Squatting,Squatting
949,31.633333333333333,129.85447808575736,129.70697015867304,129.22122921703618,51.03160377786866,Squatting,Squatting
950,31.666666666666668,126.72184686546288,127.26603830279515,126.41926381316426,51.279251612672134,Squatting,Squatting
951,31.7,125.28018111984838,124.94600441924231,123.54190409543888,51.31906276103335,Squatting,Squatting
952,31.733333333333334,122.19819840354641,122.43144576865352,120.44746746432533,51.07344291219946,Squatting,Squatting
953,31.766666666666666,118.53632277546606,119.24159948279296,116.70059038616927,50.72241734014046,Squatting,Squatting
954,31.8,116.51483578279662,115.63348940977451,112.70530403856802,50.37816540389339,Squatting,Squatting
955,31.833333333333332,112.11291745122686,111.28432923748589,108.20691440934878,50.085677242714546,Squatting,Squatting
956,31.866666666666667,107.67646916204731,106.12411410690312,103.04342483770702,49.5434890918183,Squatting,Squatting
957,31.9,99.69046173676519,100.580726975036,97.60300042586563,48.92919920742572,Squatting,Squatting
958,31.933333333333334,93.95081126171615,95.24746224322719,92.24390189083613,48.194216133155244,Squatting,Squatting
959,31.966666666666665,89.70737854263218,90.4477759649839,87.37494124258471,47.385248287598,Squatting,Squatting
960,32.0,85.92458422469882,86.40950310787368,82.96159209507003,46.78052873724472,Squatting,Squatting
961,32.03333333333333,82.6552977561357,82.99235892995542,79.14980206235947,46.23090964449806,Squatting,Squatting
962,32.06666666666667,81.14809136526442,79.95097604559615,75.77065956201685,45.78448165441902,Squatting,Squatting
963,32.1,78.32121567195205,77.72051003584167,73.77688082031973,45.69830975999824,Squatting,Squatting
964,32.13333333333333,74.25060933550574,73.89230380170478,69.67936967341873,45.717597052717444,Squatting,Squatting
965,32.166666666666664,70.32244590039642,70.51562595674433,66.2367340359966,45.8793599901327,Squatting,Squatting
966,32.2,66.85421664148357,66.21714108803879,61.27520904863965,46.014391504596844,Squatting,Squatting
967,32.233333333333334,66.39041393664968,62.1685622027732,56.42366744146016,45.89572903465917,Squatting,Squatting
968,32.266666666666666,51.897085409694164,59.299835339635756,52.631085577085635,45.89477389274347,Squatting,Squatting
969,32.3,59.74906612906129,57.6696787140295,50.28373252058653,46.187130950060634,Squatting,Squatting
970,32.333333333333336,51.64922520579095,57.44732954592169,49.571202400241276,46.62812493010256,Squatting,Squatting
971,32.36666666666667,59.92010859788734,58.28843804378763,50.384119335138955,46.98871497446511,Squatting,Squatting
972,32.4,63.36443097609054,60.059363087236285,52.523790979104824,47.256612055912235,Squatting,Squatting
973,32.43333333333333,63.678939743708526,62.89930779866429,56.30648745064869,47.50756865794837,Squatting,Squatting
974,32.46666666666667,64.77855838984729,63.644975290087366,57.44471488089092,47.62993822780127,Squatting,Squatting
975,32.5,63.70905377110388,64.93931238619484,59.48003956618072,47.613345771126355,Squatting,Squatting
976,32.53333333333333,64.16057243192321,64.58722209319573,59.149064025982156,47.4904473192901,Squatting,Squatting
977,32.56666666666667,63.874697736322375,64.19731768362752,58.61068662855518,47.05235214826933,Squatting,Squatting
978,32.6,65.43624809812134,64.4189449654053,58.536797716152286,46.56955848657125,Squatting,Squatting
979,32.63333333333333,64.30720471811308,64.74477820148105,58.586938852235086,46.19346157713283,Squatting,Squatting
980,32.666666666666664,66.33734946272268,65.8222109983432,59.24467420454801,45.78031808514086,Squatting,Squatting
981,32.7,65.3926084690174,67.3142918338987,60.53331968877351,45.319477090188435,Squatting,Squatting
982,32.733333333333334,70.13168078752201,69.15442504265599,62.25837156696344,44.80914170408873,Squatting,Squatting
983,32.766666666666666,71.09332523691658,71.01548711370046,64.41344337323486,44.37674464557852,Squatting,Squatting
984,32.8,74.80475147320168,73.5149211203562,67.24024789406394,44.024634525773074,Squatting,Squatting
985,32.833333333333336,76.38332324273287,76.29151232358754,70.52338912232445,43.99919967137777,Squatting,Squatting
986,32.86666666666667,78.26506813901479,79.79350582829169,74.3150781998014,44.48287387427775,Squatting,Squatting
987,32.9,82.48143837529157,83.48355086394788,78.11989613214352,45.195527689473565,Squatting,Squatting
988,32.93333333333333,89.0651867880217,88.6184146746087,83.2782776184292,45.957289435981124,Squatting,Squatting
989,32.96666666666667,94.79203404692683,94.36919051059583,89.01387468305893,46.924486578287855,Squatting,Squatting
990,33.0,100.96930117880636,101.2432730610619,95.87872968647777,48.03253589092856,Squatting,Squatting
991,33.03333333333333,107.58589512862932,108.22158097631204,103.06464815909102,48.988131864903295,Squatting,Squatting
992,33.06666666666667,115.63023796507261,115.05828281264695,110.25828961440641,49.773820366001445,Squatting,Squatting
993,33.1,120.33320093133769,121.30622529652057,117.03578952622436,50.475974165570825,Squatting,Squatting
994,33.13333333333333,127.0110834103587,126.72453727300986,123.15555424530265,51.39541834451898,Squatting,Squatting
995,33.166666666666664,131.6827701926105,131.4876072825056,128.73342629914796,52.72858316698526,Squatting,Squatting
996,33.2,136.80161649380352,135.6037851250124,133.66658558974893,54.88388283247627,Squatting,Squatting
997,33.233333333333334,139.06339747223277,139.1192715648032,138.1097447863484,58.39097389154961,Squatting,Squatting
998,33.266666666666666,141.39470318491655,142.26875813687548,142.20703547181543,63.48322695082189,Squatting,Squatting
999,33.3,145.12721726165384,144.97789820507674,146.04450092374648,69.48577540385647,Squatting,Squatting
1000,33.333333333333336,147.0783784703999,147.30778248737445,149.5654192919131,75.88034018896211,Squatting,Standing
1001,33.36666666666667,149.26207721712396,149.25859353998607,152.6877148767742,82.91161060103042,Standing,Standing
1002,33.4,151.48654456154333,151.1128667529917,155.85403950936256,90.7639245337598,Standing,Standing
1003,33.43333333333333,153.50448250172442,152.6399369754597,158.73457450926233,99.81708963718397,Standing,Standing
1004,33.46666666666667,153.9579996952459,154.2062477652589,161.50477172451565,109.41699510133643,Standing,Standing
1005,33.5,155.35266200531257,155.95177740127033,164.15002709307078,119.35301934620048,Standing,Standing
1006,33.53333333333333,157.13689731214103,157.73218299227773,166.7156717108456,129.9606335075489,Standing,Standing
1007,33.56666666666667,159.16034675221067,159.6400992684586,169.30188754754516,140.4105118692775,Standing,Standing
1008,33.6,162.53012616953657,161.69682679466467,171.92177042400368,149.5501922477562,Standing,Standing
1009,33.63333333333333,163.964478450699,163.87929860260104,174.6689387530745,157.09021999828113,Standing,Standing
1010,33.666666666666664,165.8807605760563,165.8648707110958,177.19708304016072,163.44627677502336,Standing,Standing
1011,33.7,167.8992186051899,167.63985291268511,179.60376840455802,169.05436470433582,Standing,Standing
1012,33.733333333333334,169.12245098367225,169.2122322948626,177.9068929027775,173.39790459920252,Standing,Standing
1013,33.766666666666666,170.43925506061916,170.5558151671951,175.49393075295134,176.41756523805282,Standing,Standing
1014,33.8,171.6653750790631,171.78825207611342,173.3407503647686,178.03924999083108,Standing,Standing
1015,33.833333333333336,172.92263365021657,172.8190485142894,171.40210476961695,178.75809037918705,Standing,Standing
1016,33.86666666666667,174.06385324352323,173.72947005796902,169.7118340391485,179.30512134941048,Standing,Standing
1017,33.9,174.69021311544165,174.6015556328508,168.22651492942148,179.57097756475238,Standing,Standing
1018,33.93333333333333,174.9313015844487,175.4679269043224,166.87698901917935,179.41472688582544,Standing,Standing
1019,33.96666666666667,176.19479997620596,176.28137443853066,165.7054685582507,179.06560425270953,Standing,Standing
1020,34.0,176.9491680320974,177.00911982851116,164.7855237408233,178.86358755416526,Standing,Standing
1021,34.03333333333333,177.69403327536892,177.62460516137963,164.0628227294475,178.9860452730853,Standing,Standing
1022,34.06666666666667,178.6738508362869,178.25984563601395,163.3086551112675,179.23355151158583,Standing,Standing
1023,34.1,178.6738508362869,178.69029652801953,162.66484285036069,179.33389517863074,Standing,Standing
1024,34.13333333333333,178.74002070486767,178.82873760801468,162.28121079082678,179.14043264267895,Standing,Standing
1025,34.166666666666664,178.74002070486767,178.84536655826523,161.92286292305027,179.14953246094936,Standing,Standing
1026,34.2,179.10957040121238,178.68042994844512,161.80975457382175,179.25555558327656,Standing,Standing
1027,34.233333333333334,178.35570748242114,178.56810433866323,161.62022781591196,179.6677520690109,Standing,Standing
1028,34.266666666666666,178.35570748242114,178.56330088354986,161.3989221688719,179.93171868855126,Standing,Standing
1029,34.3,178.35570748242114,178.61663501877163,161.110493870062,179.99028216760973,Standing,Standing
1030,34.333333333333336,178.35570748242114,178.72860345666552,160.86219066097468,179.82050060125502,Standing,Standing
1031,34.36666666666667,179.10957040121238,178.79166036552255,160.8473624286263,179.57884694735597,Standing,Standing
1032,34.4,178.74002070486767,178.68785477798278,161.12141648589528,179.18059257802264,Standing,Standing
1033,34.43333333333333,178.5952781515972,178.4232429871148,161.65920578998973,178.28237806073926,Standing,Standing
1034,34.46666666666667,177.85825433989604,177.52709704817977,162.97080706437148,176.36961855594598,Standing,Standing
1035,34.5,176.37497733398214,176.16010245607197,164.8383506515648,174.26181989896938,Standing,Standing
1036,34.53333333333333,174.49414825904876,174.38816275664945,167.13310056736418,171.7276708047263,Standing,Standing
1037,34.56666666666667,173.28556971800873,172.57479365194385,169.6143716402212,167.75073916195197,Standing,Standing
1038,34.6,169.4816420899388,170.79854758524846,172.04468767181558,160.48162284528516,Standing,Standing
1039,34.63333333333333,168.7365990095371,169.09773372690879,174.33356667767518,145.56470705409149,Standing,Standing
1040,34.666666666666664,167.5964712591304,167.68283873642082,176.4299970701455,132.26521738909224,Standing,Standing
1041,34.7,166.8274465765573,166.47982102698896,178.50098301220547,125.19008188571593,Standing,Standing
1042,34.733333333333334,165.86265778398055,165.44385882061704,179.36480598498812,117.5177545345669,Standing,Standing
1043,34.766666666666666,164.16628033798722,164.50773597011857,177.4878400721055,108.09846643695722,Standing,Standing
1044,34.8,163.70843066053524,163.44087018245708,175.53331088059642,107.78126109088383,Standing,Standing
1045,34.833333333333336,162.43267863126286,162.1099194314324,173.48156512679253,110.13637917978681,Standing,Standing
1046,34.86666666666667,161.30226379756846,160.93545588090996,172.0321267902953,125.28380390012312,Standing,Standing
1047,34.9,159.99030611123936,160.16217142469628,171.4960927584981,152.70609816891832,Standing,Standing
1048,34.93333333333333,160.5212692053092,160.35415618211252,172.6723604979949,172.4392345766844,Standing,Standing
1049,34.96666666666667,159.1980673843027,161.3297124581618,175.18967516125556,178.8039605326884,Standing,Standing
1050,35.0,162.67700148651713,163.0491542773033,178.7752499488188,175.14705585966607,Standing,Standing
1051,35.03333333333333,165.3669315005816,165.2705808188114,177.21529662517554,172.2143599144235,Standing,Standing
1052,35.06666666666667,169.15418600846183,167.8518039024103,173.2356602998433,172.8091094261617,Standing,Standing
1053,35.1,170.59950129478477,170.43535412676366,169.45580293198336,175.57744597920663,Standing,Standing
1054,35.13333333333333,172.02092668135552,172.8477442499309,166.47069638781926,175.91544493281162,Standing,Standing
1055,35.166666666666664,174.3141947954993,174.40786095000735,164.83013362166244,177.77333500707078,Standing,Standing
1056,35.2,176.36123607801562,175.5977760641928,163.83471116314846,179.3198978566333,Standing,Standing
1057,35.233333333333334,176.9344713656877,176.25888032702107,163.49849435150134,179.31158074368545,Standing,Standing
1058,35.266666666666666,176.82238866831202,176.75576874108495,163.21624652824852,178.1702326169675,Standing,Standing
1059,35.3,176.3133850547394,176.89174506211532,163.13078532523627,177.42626235005747,Standing,Standing
1060,35.333333333333336,176.63229628881388,176.7732443892644,163.17343072683948,176.81311306244055,Standing,Standing
1061,35.36666666666667,176.2773930015312,176.69771626379386,163.30018105944737,176.6493976149039,Standing,Standing
1062,35.4,176.65721667443955,176.7242134841388,163.39771520563036,176.75720192228243,Standing,Standing
1063,35.43333333333333,176.5932162324652,176.7169987486783,163.40748961768284,176.90884201091438,Standing,Standing
1064,35.46666666666667,176.7444247950812,176.45106492443972,163.76638535077612,176.6636651665711,Standing,Standing
1065,35.5,176.36519310552455,175.81759749818067,164.44046127470173,175.7691004002266,Standing,Standing
1066,35.53333333333333,175.02465418268386,174.86172808659424,165.49869932156182,174.1373774539307,Standing,Standing
1067,35.56666666666667,173.5138838190607,173.43388271278073,167.1107529951349,172.0109258029666,Standing,Standing
1068,35.6,171.61818355469768,171.78354566499638,169.04131631937494,168.92220185816217,Standing,Standing
1069,35.63333333333333,170.0978455593085,170.0871200768679,171.0063239940989,164.5468326545364,Standing,Standing
1070,35.666666666666664,168.29060646833327,168.60101184482403,172.6932737094124,159.2315337005038,Standing,Standing
1071,35.7,166.66683725576428,167.42058215021964,174.19197023782394,153.50807193043752,Standing,Standing
1072,35.733333333333334,165.96120761725098,166.21073420182015,175.8409553805806,146.3804973230665,Standing,Standing
1073,35.766666666666666,165.26330600789382,164.87535865965577,177.66298277196648,137.55475805625164,Standing,Standing
1074,35.8,164.15976671053767,163.2247974838228,179.94783406094854,127.718834774194,Standing,Standing
1075,35.833333333333336,162.06597718527485,161.308644309224,177.54597160271658,117.90013340203107,Standing,Standing
1076,35.86666666666667,158.535458203025,158.95969633330031,174.5231203205563,109.31148606023456,Standing,Standing
1077,35.9,155.95048140360328,156.36409254253763,171.17757257737836,102.13076019030655,Standing,Standing
1078,35.93333333333333,153.32210646848569,153.67052808518855,167.63024942032737,95.69648431599177,Standing,Standing
1079,35.96666666666667,151.17211448710094,151.25174452369765,164.42815402087825,89.98711803490566,Standing,Standing
1080,36.0,148.8423221882202,149.22854030581667,161.7610803213827,84.61765085367206,Standing,Standing
1081,36.03333333333333,147.82131021109598,147.7028344389588,159.325352435304,79.15046102860725,Standing,Standing
1082,36.06666666666667,145.7182781896791,146.04634413740828,156.51988287402418,72.97461585421647,Standing,Standing
1083,36.1,144.82051027476447,144.34448563192151,153.33320104769064,66.93757780689123,Squatting,Squatting
1084,36.13333333333333,142.84271067811582,142.49863306187208,149.8069577586697,61.930360380903615,Squatting,Squatting
1085,36.166666666666664,140.76894350323602,140.31579165896568,145.87491729841722,57.93321907116663,Squatting,Squatting
1086,36.2,136.84200461443473,137.6403313468331,141.33038323052708,54.86391848445928,Squatting,Squatting
1087,36.233333333333334,134.34191989218033,134.42449484010925,136.27806203949586,52.49120192306477,Squatting,Squatting
1088,36.266666666666666,131.16628731153432,130.4147434913314,130.58043461023036,50.965348170280556,Squatting,Squatting
1089,36.3,126.44267936983536,126.16058440800802,125.03567679973585,50.128876951287715,Squatting,Squatting
1090,36.333333333333336,121.21926074244274,121.62602708280997,119.56412242440786,49.92944287700361,Squatting,Squatting
1091,36.36666666666667,115.83654281525594,116.50336436646496,113.75452355446636,50.08077900818265,Squatting,Squatting
1092,36.4,110.84285735546433,110.81621354551667,107.54599438002205,50.213037410084794,Squatting,Squatting
1093,36.43333333333333,106.70209633111676,105.10961811633128,101.1877389576966,50.54237843471664,Squatting,Squatting
1094,36.46666666666667,99.71839767986164,99.61683643344074,95.18699325684975,50.795084974633774,Squatting,Squatting
1095,36.5,92.70734668406816,94.66450302369637,89.74978294023461,50.660863229955304,Squatting,Squatting
1096,36.53333333333333,89.12084987932784,90.26104048857668,84.70579694987255,50.122246725013426,Squatting,Squatting
1097,36.56666666666667,86.11936024705548,86.28872200531166,80.23491169741015,49.30547457215837,Squatting,Squatting
1098,36.6,83.10579367582214,82.24509631331678,75.9440911544918,48.60742701637958,Squatting,Squatting
1099,36.63333333333333,81.25781419477565,79.17945707394611,72.80393086607575,47.76877191686719,Squatting,Squatting
1100,36.666666666666664,77.17173972384728,76.26141322930131,69.96876517147487,47.13201301702058,Squatting,Squatting
1101,36.7,72.01266534796065,73.41809749174753,67.25288436647703,46.49995370144212,Squatting,Squatting
1102,36.733333333333334,68.19859051367594,70.9121455578911,64.83716775402074,46.003137979840176,Squatting,Squatting
1103,36.766666666666666,69.92508059970613,68.89937849532161,62.874156549850646,45.79259985363746,Squatting,Squatting
1104,36.8,67.72646430422992,67.44279601401952,61.51529853344862,45.63350736202776,Squatting,Squatting
1105,36.833333333333336,67.87902022237357,66.92812654726191,60.966346830198795,45.52912029155206,Squatting,Squatting
1106,36.86666666666667,66.7040860040121,66.91603487514759,60.81025342765048,45.43940430192173,Squatting,Squatting
1107,36.9,66.54941208102728,66.825669589416,60.68549768011052,45.4534654547386,Squatting,Squatting
1108,36.93333333333333,66.39257803911482,66.62658347371088,60.52786931909461,45.43527800171482,Squatting,Squatting
1109,36.96666666666667,67.25591900936723,66.89367027059333,60.75565882101189,45.45917233179452,Squatting,Squatting
1110,37.0,67.23732252202572,66.98620501955655,60.897597017045804,45.32960127582827,Squatting,Squatting
1111,37.03333333333333,67.39635985199108,67.29596454595713,61.17320509047392,44.88026474546197,Squatting,Squatting
1112,37.06666666666667,68.83874018320262,67.75533551535054,61.68622456523681,44.61898923168627,Squatting,Squatting
1113,37.1,68.68208772456981,69.00358562897618,62.947394770345845,44.74694629527628,Squatting,Squatting
1114,37.13333333333333,69.76301191122931,71.00370304930618,64.96576123923408,44.97074912523539,Squatting,Squatting
1115,37.166666666666664,72.83121536896466,73.64870355883738,67.7540635079923,45.440624722498306,Squatting,Squatting
1116,37.2,77.17646351436511,77.17323800807306,71.52900322476508,46.140850910226476,Squatting,Squatting
1117,37.233333333333334,82.54664466933698,81.08331914134186,75.75033498501534,46.982666453245834,Squatting,Squatting
1118,37.266666666666666,85.95426118247316,85.48133317420026,80.53201868330193,47.93288751279067,Squatting,Squatting
1119,37.3,89.60360816734703,90.32261334196599,85.83709416931572,49.08114267431119,Squatting,Squatting
1120,37.333333333333336,95.31637203621865,95.49089633741387,91.6235217806493,50.44875866446618,Squatting,Squatting
1121,37.36666666666667,99.69046173676519,100.68700260070335,97.50464133083959,51.969899125813946,Squatting,Squatting
1122,37.4,105.92544344574736,106.26104916351456,103.72384666328294,53.90549563489801,Squatting,Squatting
1123,37.43333333333333,112.41268946861263,112.0181389055834,110.06700166961981,56.54669018675515,Squatting,Squatting
1124,37.46666666666667,117.3290085101829,117.50598197490544,115.90901856139719,59.85143966229635,Squatting,Squatting
1125,37.5,121.79456628953001,122.388170530011,121.05432647446938,64.34635945987563,Squatting,Squatting
1126,37.53333333333333,127.23483398154067,126.61114696553881,125.43379787701183,69.74343916821034,Squatting,Squatting
1127,37.56666666666667,130.82745075993535,130.33441479480706,129.28146355442598,75.52862060516344,Squatting,Squatting
1128,37.6,133.97779466051108,133.62556142483137,132.74083943341142,82.1216725429587,Squatting,Squatting
1129,37.63333333333333,135.94179360635476,136.52206955003598,136.12436694937904,89.44160517249527,Squatting,Squatting
1130,37.666666666666664,138.3936973501534,138.8854433532675,139.15750660456135,96.98099944489535,Squatting,Squatting
1131,37.7,141.27267797963978,140.696894836993,141.79214489403938,103.77193326177374,Squatting,Squatting
1132,37.733333333333334,142.71056987990065,142.13065663634174,144.21241333578794,110.71046440602555,Squatting,Squatting
1133,37.766666666666666,143.65357223510057,143.43286852049704,146.59788905793067,118.02273949729886,Squatting,Squatting
1134,37.8,144.2904870873926,144.6483249609272,148.84095636815428,124.8826123649693,Squatting,Squatting
1135,37.833333333333336,145.14867265652444,145.60132046106807,150.81722712793822,131.75318337598873,Squatting,Standing
1136,37.86666666666667,146.13227171154068,146.53465721006037,152.7012278927397,138.54704002376744,Standing,Standing
1137,37.9,148.28177306339202,147.6536089610846,154.7650145523705,145.1871331198779,Standing,Standing
1138,37.93333333333333,149.03120284260342,148.94186624863872,156.69548108726346,151.73534148659493,Standing,Standing
1139,37.96666666666667,150.07520579463176,150.28940351427372,158.60615701571126,158.69854981912366,Standing,Standing
1140,38.0,151.84774943453664,151.68041833225266,160.27965336158243,164.52070376326182,Standing,Standing
1141,38.03333333333333,153.282566789826,153.1894952601368,161.8854421280976,169.58935166869801,Standing,Standing
1142,38.06666666666667,155.02647669386837,155.01788157433694,164.32483049316284,174.72699521479123,Standing,Standing
1143,38.1,156.70242252339102,157.46375656579065,167.72484007813082,178.2999151299261,Standing,Standing
1144,38.13333333333333,159.26562357750743,159.9828814702335,171.56731000516623,179.79966277823638,Standing,Standing
1145,38.166666666666664,162.40966265864327,162.52386059736665,175.44922239491868,178.88188399471042,Standing,Standing
1146,38.2,165.9740245926952,164.8768634842812,179.05001226285447,178.88031143310116,Standing,Standing
1147,38.233333333333334,168.0408823090308,166.8709906117677,177.84786234802954,179.63071656434468,Standing,Standing
1148,38.266666666666666,168.10543700514503,168.3937875857115,175.64198703850565,179.4039390637451,Standing,Standing
1149,38.3,169.32842100436127,169.34280420495597,174.3261877702947,178.96613873234054,Standing,Standing
1150,38.333333333333336,169.47550968650071,169.89453101816667,173.71922227696587,178.53838181674382,Standing,Standing
1151,38.36666666666667,170.32368178292086,170.35150593282128,173.45664020901944,178.49887497386447,Standing,Standing
1152,38.4,170.79206442051864,171.04880530367006,172.5985986003698,178.76700920055183,Standing,Standing
1153,38.43333333333333,171.63574955128797,171.9061546217935,171.5033287367504,178.66292543290115,Standing,Standing
1154,38.46666666666667,172.67840534780865,172.66377734763853,170.41577796286634,178.4199537591166,Standing,Standing
1155,38.5,173.8098429823006,173.32062754162595,169.51069130603713,178.18619556024814,Standing,Standing
1156,38.53333333333333,174.47212767552247,174.01064560281458,168.63679192239695,178.0928232020402,Standing,Standing
1157,38.56666666666667,174.55808471109867,174.72594999539027,167.67384633637027,178.15875375516177,Standing,Standing
1158,38.6,174.98101591427837,175.49512144187003,166.78162286534646,178.42718393043492,Standing,Standing
1159,38.63333333333333,175.4087761929852,176.14043132995033,165.99637935789104,178.93444891319555,Standing,Standing
1160,38.666666666666664,177.3893016540887,176.77111024734486,165.17799677897497,179.6826096431434,Standing,Standing
1161,38.7,177.75822166350298,177.43277443051485,164.37732462628537,179.67637251942116,Standing,Standing
1162,38.733333333333334,178.5156358885142,178.17612933394145,163.39804323323577,179.34519480318522,Standing,Standing
1163,38.766666666666666,178.12632546592766,178.70012005389,162.63601443563124,179.05251437831404,Standing,Standing
1164,38.8,178.8599745381906,178.9850873820097,162.05856433087283,178.8373151712955,Standing,Standing
1165,38.833333333333336,179.22546587106962,179.14771783020745,161.6209673820089,179.05377275089552,Standing,Standing
1166,38.86666666666667,179.59003314204458,179.30203910078419,161.19012048133467,179.15094431119306,Standing,Standing
1167,38.9,178.8372778317649,179.26247317932584,161.0190276543143,179.25932660410527,Standing,Standing
1168,38.93333333333333,178.8372778317649,179.0184805867396,161.342458303881,179.0542243604501,Standing,Standing
1169,38.96666666666667,178.92192577870986,178.24595494211383,162.58779130805777,179.37347762252622,Standing,Standing
1170,39.0,177.35110240334,177.0990938638428,164.3915249687596,179.9725807913672,Standing,Standing
1171,39.03333333333333,175.93075551504586,175.68256886313333,166.72688977517305,179.1345552974738,Standing,Standing
1172,39.06666666666667,174.01118105085118,174.08629591563832,169.4122766342611,177.40786542329738,Standing,Standing
1173,39.1,171.8441731616885,172.36121409397722,172.33914062127167,174.26105451483724,Standing,Standing
1174,39.13333333333333,170.41632816328638,170.76391888598,175.14823546075849,168.91087329739042,Standing,Standing
1175,39.166666666666664,169.2808396462012,169.47751142442135,177.63488877666703,162.173946033724,Standing,Standing
1176,39.2,167.96562358403838,168.1722856143653,179.92597652477912,153.78833705484266,Standing,Standing
1177,39.233333333333334,167.12379901062693,166.74477681359235,177.80969080328083,143.49112300777907,Standing,Standing
1178,39.266666666666666,165.76656034521253,165.0154475477863,175.38574384711148,131.9585327892242,Standing,Standing
1179,39.3,163.65959332266297,163.05050601435593,172.727418414886,120.29879814173341,Standing,Standing
1180,39.333333333333336,160.71267177104548,160.89103599673072,169.93844250316351,110.16792902981607,Standing,Standing
1181,39.36666666666667,158.1855635645555,158.87951648616493,167.24815181586206,102.24637725787106,Standing,Standing
1182,39.4,156.2876000060435,157.00369592113697,164.5161242051765,95.90211686216036,Standing,Standing
1183,39.43333333333333,155.58688527857274,155.59385232067086,162.0768711834928,90.72078225130733,Standing,Standing
1184,39.46666666666667,154.38172642110632,154.61258491509906,159.90219860619356,86.61004097185045,Standing,Standing
1185,39.5,154.36378184751794,153.86218761721196,157.8461587455879,82.94755466439159,Standing,Standing
1186,39.53333333333333,153.07635174298719,153.07544581345874,155.57854629880185,79.17115864804734,Standing,Standing
1187,39.56666666666667,152.66501236301207,152.07873521996999,153.06612041710346,75.76738300804294,Standing,Standing
1188,39.6,150.97602833180656,150.86228605173065,150.30380924333588,72.32921154131232,Standing,Standing
1189,39.63333333333333,149.2576297449791,149.54132262386725,147.45960172063627,69.31587592424167,Standing,Standing
1190,39.666666666666664,147.78563802017808,147.9675331879187,144.31370162234356,66.66943270866881,Standing,Standing
1191,39.7,146.28925852685225,146.42309072362997,141.2334200985113,64.70469730157932,Standing,Standing
1192,39.733333333333334,144.95275680617632,144.83894085729392,138.31508353128595,63.187910063837364,Squatting,Squatting
1193,39.766666666666666,143.18916850135383,143.13129468001537,135.50217267983777,61.8586615131995,Squatting,Squatting
1194,39.8,141.1623053361494,141.45375664250167,132.9676957200528,60.75485366940441,Squatting,Squatting
1195,39.833333333333336,139.62348149791555,139.43911878463385,130.41309828581316,59.73726599734598,Squatting,Squatting
1196,39.86666666666667,137.82828401583816,137.3249277798076,127.91690978318009,59.105686944482876,Squatting,Squatting
1197,39.9,134.58951447992132,135.09057340088552,125.50510997216753,58.70206673779996,Squatting,Squatting
1198,39.93333333333333,133.57122516584494,133.06422400298933,123.34105988077991,58.3154840140565,Squatting,Squatting
1199,39.96666666666667,129.8324785561843,131.0325777742122,121.30184946941577,57.86690447058539,Squatting,Squatting
1200,40.0,128.64898679160672,128.67933372347366,118.94909107315803,57.07694545983488,Squatting,Squatting
1201,40.03333333333333,126.4356312909965,125.99496858467086,116.2932213192132,56.18142297287851,Squatting,Squatting
1202,40.06666666666667,124.69717385746408,123.27996646214669,113.70825130600956,55.279216218560826,Squatting,Squatting
1203,40.1,120.47645881687575,120.29949801594837,110.82194379866367,54.38210413527675,Squatting,Squatting
1204,40.13333333333333,116.1675405130483,117.65918938079622,108.32209221508182,53.62696953165387,Squatting,Squatting
1205,40.166666666666664,112.81718933095604,114.14513315501213,104.96434785359833,53.00437362483359,Squatting,Squatting
1206,40.2,111.00197543232936,110.16440308006557,101.17096796676645,52.61564888611553,Squatting,Squatting
1207,40.233333333333334,107.53183892067787,105.87699005904251,96.97666558540142,52.331929985822995,Squatting,Squatting
1208,40.266666666666666,103.0629724973779,101.27343942522081,92.46485041482468,52.19832674829306,Squatting,Squatting
1209,40.3,94.77965572213256,96.25299829848967,87.68135205457473,52.13151394639789,Squatting,Squatting
1210,40.333333333333336,90.22397602150386,91.01535580044555,82.51858735644124,51.96504646189552,Squatting,Squatting
1211,40.36666666666667,85.89181938286669,85.75803851385812,77.25818353927473,51.79576690522927,Squatting,Squatting
1212,40.4,80.76846789112486,81.3033930731489,72.84813656751888,51.5334194917583,Squatting,Squatting
1213,40.43333333333333,77.75133900812456,77.88320247651755,69.45820400331405,51.22825665597742,Squatting,Squatting
1214,40.46666666666667,75.02674019524359,75.542233794233,67.1297462104008,50.83187354669443,Squatting,Squatting
1215,40.5,73.28515511140968,74.51623971623118,66.27688386218837,50.270746764285065,Squatting,Squatting
1216,40.53333333333333,73.30711207613255,73.81494729745685,65.55602418049334,49.7195262402684,Squatting,Squatting
1217,40.56666666666667,72.92018246812408,72.60501099685219,63.85747450947725,49.16816049971801,Squatting,Squatting
1218,40.6,72.62596286736782,69.85807134758421,60.141669452203715,48.754283299898894,Squatting,Squatting
1219,40.63333333333333,72.9282183000354,67.55966233037894,57.08216341404958,48.47759962631208,Squatting,Squatting
1220,40.666666666666664,62.09232479642842,64.22140601665589,52.71689917967403,48.22188776715155,Squatting,Squatting
1221,40.7,56.26609317774795,61.24058253440122,48.95121010207411,48.10847692165905,Squatting,Squatting
1222,40.733333333333334,55.106426061169834,60.27646304192976,47.81595008808969,48.0252165941147,Squatting,Squatting
1223,40.766666666666666,63.67342750059301,59.24262937405149,46.64083444189308,48.08801365647778,Squatting,Squatting
1224,40.8,57.9024125273199,59.081015865602886,46.69513001604328,48.1238224973382,Squatting,Squatting
1225,40.833333333333336,64.42722748631354,60.61219768495352,48.944140347267606,48.090663875150426,Squatting,Squatting
1226,40.86666666666667,66.0916219722147,61.96389825610018,51.10317665501063,48.09023091030272,Squatting,Squatting
1227,40.9,57.42651053261653,63.114423300946704,53.226820668718666,47.75952898732061,Squatting,Squatting
1228,40.93333333333333,62.80177434435828,64.37887912453289,55.4397157688307,47.31337937957866,Squatting,Squatting
1229,40.96666666666667,66.8699498978336,67.4032621844219,59.6731259321051,46.92145312211944,Squatting,Squatting
1230,41.0,71.38780261798289,70.3271090003608,63.332897822601495,46.95220186557989,Squatting,Squatting
1231,41.03333333333333,75.05168307421161,74.67867775749347,68.40768299325958,47.551172211493,Squatting,Squatting
1232,41.06666666666667,79.88443906133993,79.90920900608845,74.22578738787317,48.7398782195004,Squatting,Squatting
1233,41.1,84.86611609916146,84.562933454471,78.87597479791748,50.45285104285773,Squatting,Squatting
1234,41.13333333333333,89.63805206636076,89.58928901534705,83.76946991890247,52.498902454296825,Squatting,Squatting
1235,41.166666666666664,95.1167436932194,94.7990857502312,88.8225883363005,54.47825714024082,Squatting,Squatting
1236,41.2,99.72654208024426,100.16347367704137,94.40133832470423,56.34838465536435,Squatting,Squatting
1237,41.233333333333334,104.96225249221092,105.22714023226531,99.90178105440377,57.73260585484972,Squatting,Squatting
1238,41.266666666666666,110.37802989219908,110.1033075484394,105.35533150375247,59.340357783916716,Squatting,Squatting
1239,41.3,114.72051642392253,115.00151042100067,110.91246742743863,61.07327220868482,Squatting,Squatting
1240,41.333333333333336,118.63892254462773,119.65029551065746,116.06292374347505,63.79427197249202,Squatting,Squatting
1241,41.36666666666667,123.99894354114508,123.83825521001539,120.69050758648486,67.48762638863995,Squatting,Squatting
1242,41.4,128.38303915751882,127.78187216951312,124.91035985036397,72.76478598507265,Squatting,Squatting
1243,41.43333333333333,132.2700757261522,131.51127824420374,128.90052199875998,78.88689370985902,Squatting,Squatting
1244,41.46666666666667,134.5969882677381,134.91193693825886,132.43809556450375,85.04810912964518,Squatting,Squatting
1245,41.5,137.29659943166965,138.04876085121106,135.7736256909776,91.59008279501614,Squatting,Squatting
1246,41.53333333333333,140.59428133253445,140.59406066944237,138.62127126625415,98.37696451578852,Squatting,Squatting
1247,41.56666666666667,143.233573112552,142.62908819640387,141.05213365793108,104.69468820178916,Squatting,Squatting
1248,41.6,144.79499759484696,144.63800947329668,143.51744711295825,110.42202491792953,Squatting,Squatting
1249,41.63333333333333,147.10282463245787,146.52898211398073,146.1115466785874,116.15780895953873,Squatting,Standing
1250,41.666666666666664,147.57603845715252,148.2821253664508,148.5069325593672,122.1904901095007,Standing,Standing
1251,41.7,148.61064089807715,149.78655229439528,150.74517659105254,128.4453098946182,Standing,Standing
1252,41.733333333333334,151.98909324938893,151.2393690687233,153.10375856226548,134.57483795211323,Standing,Standing
1253,41.766666666666666,152.8839396756376,152.54242958018864,155.43817871744315,140.32403679314442,Standing,Standing
1254,41.8,154.222492817993,153.64072671593567,157.56303824978085,145.92162446851816,Standing,Standing
1255,41.833333333333336,154.3947110205744,154.56978531441166,159.71067493979743,151.2018521368855,Standing,Standing
1256,41.86666666666667,155.4214511169604,155.16005236365493,161.36960131297184,155.97100895567254,Standing,Standing
1257,41.9,155.5894367970121,155.70666755327767,162.9019757108038,160.20690299513285,Standing,Standing
1258,41.93333333333333,156.58434685511574,156.79641435487858,164.49238925653998,163.28347333116426,Standing,Standing
1259,41.96666666666667,157.3574580080764,158.2144107435212,166.31886969220395,166.67536420659877,Standing,Standing
1260,42.0,159.51371759443924,160.17848697834478,168.7106939546004,170.69761266205117,Standing,Standing
1261,42.03333333333333,162.63183645788217,162.26847234854515,171.35513765072864,174.47595123881612,Standing,Standing
1262,42.06666666666667,165.07407367170725,164.45807385132517,174.21547212065315,178.15367401790724,Standing,Standing
1263,42.1,166.8274465765573,166.46150845104276,177.03622045536696,178.7061714201698,Standing,Standing
1264,42.13333333333333,168.77553158305247,168.29137194458454,179.96339467237325,176.18061780921713,Standing,Standing
1265,42.166666666666664,169.23853991488207,169.702180643042,177.3029293379349,175.21453625953114,Standing,Standing
1266,42.2,170.39692682930192,170.77496303135567,174.93626610498913,175.325275360886,Standing,Standing
1267,42.233333333333334,171.55247275191337,171.648926557683,173.0265658488732,176.05503336676244,Standing,Standing
1268,42.266666666666666,172.7926261719075,172.40046292236542,171.62398446483346,177.3051295598763,Standing,Standing
1269,42.3,173.1344639728351,172.96131120372016,170.53891968393683,178.73089418496033,Standing,Standing
1270,42.333333333333336,173.47131530679704,173.2891190835302,169.67305151773692,179.645756104728,Standing,Standing
1271,42.36666666666667,173.55852342744612,173.5093446753177,169.03639308411147,179.572981028567,Standing,Standing
1272,42.4,173.93536474112346,173.85833115171963,168.4616244355087,179.10130357296183,Standing,Standing
1273,42.43333333333333,173.8904738287823,174.3639319189573,167.8920242360139,178.89740794176637,Standing,Standing
1274,42.46666666666667,174.17709537321912,175.22344203122208,167.0383651200227,178.76460488138486,Standing,Standing
1275,42.5,176.42910274918873,176.24763813224465,166.16461565685935,178.40548443871307,Standing,Standing
1276,42.53333333333333,177.79750047170108,177.3334819995632,165.22606265944526,178.24269173782,Standing,Standing
1277,42.56666666666667,178.55199266939616,178.34545987786166,164.39174008402446,178.14142997492846,Standing,Standing
1278,42.6,179.5971698931146,179.2526450223948,163.69097953140505,177.98038871436245,Standing,Standing
1279,42.63333333333333,179.5971698931146,179.79928783742255,163.19980067465667,177.7771707504825,Standing,Standing
1280,42.666666666666664,179.5971698931146,179.9469115265398,163.04130059768138,177.83458208386438,Standing,Standing
1281,42.7,179.53043607082247,179.64189608180618,163.38881431460422,177.55103753920304,Standing,Standing
1282,42.733333333333334,179.23217238117857,178.85742600207706,164.32586772451822,176.65188078614395,Standing,Standing
1283,42.766666666666666,178.10825978799744,177.5223055182441,166.05958581576684,175.1805206149444,Standing,Standing
1284,42.8,176.63430198843085,175.91547895469046,168.28593239132135,172.9672205174111,Standing,Standing
1285,42.833333333333336,173.36772592713464,173.99200687010247,170.92625074887425,169.75421499912838,Standing,Standing
1286,42.86666666666667,171.47387139843653,172.03303624098012,173.5929818876082,165.6395531866408,Standing,Standing
1287,42.9,169.581499823793,170.19676174572422,176.29378730446123,159.9596791799315,Standing,Standing
1288,42.93333333333333,168.4461783484494,168.47803582308347,178.78586995173524,151.67211002771904,Standing,Standing
1289,42.96666666666667,166.82744657655886,166.74663279138667,178.98518620280868,141.16247602570377,Standing,Standing
1290,43.0,165.76114844577455,165.11534889889018,177.00570326726032,129.5097144601807,Standing,Standing
1291,43.03333333333333,163.65959332266297,163.08908347198093,174.79934933058317,117.65430938305815,Standing,Standing
1292,43.06666666666667,160.80091016036653,160.82819487616564,172.42310507469102,106.5391410259906,Standing,Standing
1293,43.1,158.13517967647198,158.4784393188144,169.8851695400013,97.35991566114711,Standing,Standing
1294,43.13333333333333,156.20199723518462,156.20099461896768,167.27696421606848,89.6642407364953,Standing,Standing
1295,43.166666666666664,153.62466925368622,154.244581069456,164.89074442363633,83.44146330674555,Standing,Standing
1296,43.2,152.4123374865865,152.66899466177807,162.7869213879424,78.38866270847093,Standing,Standing
1297,43.233333333333334,151.58390927357328,151.5272151913013,160.88191728184086,74.21862939859362,Standing,Standing
1298,43.266666666666666,150.35205211596917,150.52860189575088,159.16385156141894,70.22086278427007,Standing,Standing
1299,43.3,149.9919673553886,149.41614221623266,157.37144600097793,66.45277589497815,Standing,Standing
1300,43.333333333333336,148.26559526258447,148.1278721923112,155.5447300492614,62.60351791211745,Standing,Standing
1301,43.36666666666667,147.20926392451707,146.58529900628162,153.30198793527552,59.08886649175196,Standing,Standing
1302,43.4,144.78382093940027,144.97208478547196,150.88021445024592,56.225714976530476,Squatting,Squatting
1303,43.43333333333333,142.2521300868592,142.99040425200297,147.95777245012837,54.13973529009016,Squatting,Squatting
1304,43.46666666666667,140.68871053054613,140.8621807949492,144.73926042952434,52.774553123313446,Squatting,Squatting
1305,43.5,139.42916100221254,139.02964116376654,141.73875810940999,51.750646803209236,Squatting,Squatting
1306,43.53333333333333,137.2569084241347,136.79967759429235,138.52682983448975,51.10457362774512,Squatting,Squatting
1307,43.56666666666667,133.60340477565336,134.66312848822523,135.61084341677162,50.81521441288934,Squatting,Squatting
1308,43.6,132.9618425003529,132.26937000396185,132.63499096240687,50.739803247199596,Squatting,Squatting
1309,43.63333333333333,130.74437332248536,129.9343725300121,129.8725570420683,50.68468278888978,Squatting,Squatting
1310,43.666666666666664,125.5430703358795,127.21825060357325,127.05069416908951,50.41120565700605,Squatting,Squatting
1311,43.7,124.550748442747,124.23811069780453,124.04338508496802,50.03971798503769,Squatting,Squatting
1312,43.733333333333334,121.09463606012547,121.00218836598954,120.86938073401534,49.51574162033042,Squatting,Squatting
1313,43.766666666666666,118.91135486074768,117.09283684381838,117.00780194674081,49.256115793503234,Squatting,Squatting
1314,43.8,112.20201228183154,113.21933210011288,113.23453592364974,49.17731820436965,Squatting,Squatting
1315,43.833333333333336,108.84976766463394,109.40723289708643,109.50254973521358,49.1574253734624,Squatting,Squatting
1316,43.86666666666667,105.03413817587567,104.84015824154822,105.18093001730506,49.37617052317352,Squatting,Squatting
1317,43.9,100.68997011503029,100.77372363394745,101.14934466121565,49.68019180113337,Squatting,Squatting
1318,43.93333333333333,97.00363431060451,96.55291156578076,96.83123870587247,49.94457703898035,Squatting,Squatting
1319,43.96666666666667,92.65974994169851,92.59617537791918,92.60066401368671,49.98495701574381,Squatting,Squatting
1320,44.0,88.09986287515785,88.58803625318865,88.25825950278116,49.945743653596324,Squatting,Squatting
1321,44.03333333333333,85.63124538954325,84.96376213773704,84.210450996395,49.64982635444068,Squatting,Squatting
1322,44.06666666666667,79.90040140107475,81.65704537326667,80.31548945673755,49.12280150654144,Squatting,Squatting
1323,44.1,78.29661465177456,78.46428747930622,76.70222365336468,48.60976137017621,Squatting,Squatting
1324,44.13333333333333,76.40298303491129,75.43035251762429,73.48793544839171,47.88355017625238,Squatting,Squatting
1325,44.166666666666664,73.61913791142382,72.68425497247986,70.66752191112995,47.107941746451445,Squatting,Squatting
1326,44.2,70.22299251550525,69.8256748058146,68.02905964346164,46.45233493764371,Squatting,Squatting
1327,44.233333333333334,66.71637710558335,67.7983596903792,66.70463163148648,45.92664994566999,Squatting,Squatting
1328,44.266666666666666,64.7120317382045,65.26662921007646,64.55985539607333,45.39274944136478,Squatting,Squatting
1329,44.3,63.421695115227614,63.21113978914331,62.34670368574916,44.97493809787193,Squatting,Squatting
1330,44.333333333333336,60.93735374310934,60.707674107394254,58.76651765830757,44.87254315775903,Squatting,Squatting
1331,44.36666666666667,61.7422392117372,58.60994696306741,55.2376923850926,44.85567704888633,Squatting,Squatting
1332,44.4,55.119560638350116,57.63967967263394,52.89174555303336,45.20523316155666,Squatting,Squatting
1333,44.43333333333333,54.678260053182704,56.214927163210234,49.909152811356854,45.56514760911127,Squatting,Squatting
1334,44.46666666666667,50.52942593585208,55.12501234616109,47.570589628311595,45.848294288741776,Squatting,Squatting
1335,44.5,58.00244686537076,55.702220655748214,47.46960216025412,45.88671180614273,Squatting,Squatting
1336,44.53333333333333,60.44562765859578,56.220837780900936,47.92831960007297,45.870118713094996,Squatting,Squatting
1337,44.56666666666667,53.71578127848878,56.87357984114251,48.87288918007814,45.847792740723406,Squatting,Squatting
1338,44.6,58.13348211826558,56.354973173097875,48.35623431235476,45.741283689198035,Squatting,Squatting
1339,44.63333333333333,60.97039337633202,55.6191828411802,47.656295265712004,45.735300058357076,Squatting,Squatting
1340,44.666666666666664,51.912213339320154,54.47910770412134,46.392055714581666,45.72740060084783,Squatting,Squatting
1341,44.7,51.0585546404817,55.38826961595379,47.38037926701476,45.55607258811966,Squatting,Squatting
1342,44.733333333333334,56.484684289651,58.72224490064816,51.14691326305026,45.57729653045086,Squatting,Squatting
1343,44.766666666666666,62.42477198109553,63.01308842440864,55.82673978319103,45.49674774893259,Squatting,Squatting
1344,44.8,71.43086926899126,69.30371872648357,62.85876821816437,45.58389414716779,Squatting,Squatting
1345,44.833333333333336,78.99920258585112,77.61934129668158,72.12381127404585,45.889335951984805,Squatting,Squatting
1346,44.86666666666667,84.6341582542785,84.71430354688373,80.00640131298049,46.5007895077498,Squatting,Squatting
1347,44.9,91.05873372320141,90.69698609007277,86.45630803598632,47.373344974693566,Squatting,Squatting
1348,44.93333333333333,95.0573698496916,95.53107866965135,91.7779540057263,48.062394655197764,Squatting,Squatting
1349,44.96666666666667,101.54315000358648,100.23313297863984,96.98019258239475,48.995589744539146,Squatting,Squatting
1350,45.0,105.18506902314792,105.12974810115017,102.18409672779133,50.15950022927344,Squatting,Squatting
1351,45.03333333333333,109.01706011307292,110.05855861999969,107.2511823367356,51.34903956459953,Squatting,Squatting
1352,45.06666666666667,113.43685436809743,115.1891305160191,112.70298471201018,52.94121511026795,Squatting,Squatting
1353,45.1,121.2101296029394,120.45139331415643,118.52550173539589,55.0415685096105,Squatting,Squatting
1354,45.13333333333333,125.11736668932973,125.43748166084413,123.95897955514977,57.991163935350194,Squatting,Squatting
1355,45.166666666666664,130.0029270576693,130.14008066438336,129.11017622985815,61.7458297208425,Squatting,Squatting
1356,45.2,135.41101869117819,134.47041987193913,133.8677536428858,66.38517595781872,Squatting,Squatting
1357,45.233333333333334,138.0049619799657,138.0575672216853,138.0255672108674,71.51886324740126,Squatting,Squatting
1358,45.266666666666666,141.06771062902828,140.94501950697736,141.55059765123687,76.39185811244363,Squatting,Squatting
1359,45.3,143.13010235410692,143.47380516002417,144.73181027217822,81.47229700853319,Squatting,Squatting
1360,45.333333333333336,145.7251013734308,145.3602783794792,147.19635774134494,86.33549092856461,Squatting,Standing
1361,45.36666666666667,146.7763735628606,146.78229431334302,149.1307189095315,90.77699059390909,Standing,Standing
1362,45.4,148.64114563005933,148.1628843554319,151.09083986820153,95.5639719160676,Standing,Standing
1363,45.43333333333333,149.52300802590713,149.61632571060414,153.20140170422357,101.41399595754014,Standing,Standing
1364,45.46666666666667,150.2840188966267,150.95648923223678,155.0258719809529,108.401351814626,Standing,Standing
1365,45.5,151.66837920935254,152.2744593948564,156.81920045866238,116.78247109486377,Standing,Standing
1366,45.53333333333333,154.07766297987314,153.6532289534728,158.64760534557968,126.20922758032732,Standing,Standing
1367,45.56666666666667,156.03751102535682,154.8516584129576,160.42478973804523,135.40941199681282,Standing,Standing
1368,45.6,155.79221315178947,156.11203477464187,162.23715388161662,144.13653581094442,Standing,Standing
1369,45.63333333333333,157.6586569390085,157.68598556062378,164.25678831923688,152.08948863151267,Standing,Standing
1370,45.666666666666664,158.7781087163794,159.37006095598787,166.60634604464352,159.1401486199373,Standing,Standing
1371,45.7,160.28203978336714,161.2081469816185,169.20448161244593,165.75426079327315,Standing,Standing
1372,45.733333333333334,163.15889196518177,163.26252114430565,172.1296896931439,171.1848436044157,Standing,Standing
1373,45.766666666666666,166.64465903697845,165.56522585836345,175.51189194476888,175.0700015130368,Standing,Standing
1374,45.8,167.99096476931695,167.63865893753504,178.8392803375163,178.36766700622428,Standing,Standing
1375,45.833333333333336,169.49931116980346,169.54951073677879,177.92514068910825,179.56068672991825,Standing,Standing
1376,45.86666666666667,170.6415214108038,171.08860140279785,175.06053100943333,178.59347580798848,Standing,Standing
1377,45.9,172.19518342363637,172.10893994659259,172.83159702404234,178.41887610070964,Standing,Standing
1378,45.93333333333333,173.04609008994188,172.74767677428918,171.31276709890372,178.41773625575587,Standing,Standing
1379,45.96666666666667,173.51433964835715,173.3454706332795,170.12865796298126,178.5153958668987,Standing,Standing
1380,46.0,173.7597827375819,173.62749495815646,169.31016200762718,178.63022714548174,Standing,Standing
1381,46.03333333333333,173.71489182524056,173.86870091568,168.7836865039893,178.84029762193214,Standing,Standing
1382,46.06666666666667,173.67058336048837,173.87988797162535,168.56545075474136,179.0874628680703,Standing,Standing
1383,46.1,174.17709537321912,174.08151324995808,168.17312916116845,179.1578062634968,Standing,Standing
1384,46.13333333333333,174.17709537321912,174.51160621333136,167.67040063885224,179.29462164014828,Standing,Standing
1385,46.166666666666664,175.30387558049733,175.14274723398313,167.06056286649334,179.6257662263113,Standing,Standing
1386,46.2,175.2179185449224,175.94582169381266,166.29042150632262,179.83021198782652,Standing,Standing
1387,46.233333333333334,177.10174961869242,176.77543433997317,165.49239871599573,179.9343920708707,Standing,Standing
1388,46.266666666666666,177.85825433989604,177.4958701740339,164.83746539486563,179.6725738563571,Standing,Standing
1389,46.3,178.30574703397215,178.254581942474,164.07563299673103,179.24862738382066,Standing,Standing
1390,46.333333333333336,178.6738508362869,178.74462858226946,163.6004662540589,179.07632386034558,Standing,Standing
1391,46.36666666666667,178.6738508362869,178.97397965813659,163.2965276422997,178.756858064123,Standing,Standing
1392,46.4,178.6738508362869,178.6985229860414,163.49961545384863,178.8673614445604,Standing,Standing
1393,46.43333333333333,178.8175449240821,178.21452648203407,164.09207061360905,178.70490328976456,Standing,Standing
1394,46.46666666666667,177.3219879882535,177.24663053567824,165.27214732403405,178.2694534239007,Standing,Standing
1395,46.5,175.82051878652848,175.79135506670963,167.10359881001176,177.42041916439123,Standing,Standing
1396,46.53333333333333,174.31684049123916,174.06642618718752,169.32406520920986,175.91993746295316,Standing,Standing
1397,46.56666666666667,172.4244497684966,172.28161708522592,171.59815167770006,172.1438773027018,Standing,Standing
1398,46.6,169.74783613113314,170.50923458512142,174.03566013052037,166.84642984905025,Standing,Standing
1399,46.63333333333333,168.23254763998682,168.92930408557564,176.40951990367978,158.71420292991905,Standing,Standing
1400,46.666666666666664,167.3945842175899,167.34441735658942,178.7454210452404,147.92216870435587,Standing,Standing
1401,46.7,166.34958086513237,165.63575054890848,178.8742021991385,134.97013990360927,Standing,Standing
1402,46.733333333333334,164.18437049736434,163.77673702531735,176.24843396473378,121.97344120169662,Standing,Standing
1403,46.766666666666666,162.04235486574748,161.7774330323888,173.4750115087694,109.97087287491192,Standing,Standing
1404,46.8,159.43747941017338,159.45530662402078,170.48222814713344,100.32312879888613,Standing,Standing
1405,46.833333333333336,156.57297001091663,157.11573122121038,167.4193603015449,92.12438559530557,Standing,Standing
1406,46.86666666666667,154.44858260956534,154.90069286395342,164.5574760337212,85.1822061183644,Standing,Standing
1407,46.9,152.86415047655422,153.03956883490412,162.13604215257237,79.41734143489134,Standing,Standing
1408,46.93333333333333,151.23190099764693,151.26717293389083,159.71535056938757,74.47897294162954,Standing,Standing
1409,46.96666666666667,150.17252032747476,149.60469411548902,157.39714196481026,69.62396445751676,Standing,Standing
1410,47.0,148.1871315743482,148.1186159374542,155.13190202583755,65.08326868267577,Standing,Standing
1411,47.03333333333333,146.64667446897244,146.53210059562838,152.58141370748078,60.8016961595778,Standing,Standing
1412,47.06666666666667,144.1565431782344,144.6145248783871,149.5829833828571,57.24132753042844,Squatting,Squatting
1413,47.1,142.63434432887544,142.624304027199,146.422837049119,54.687542494001114,Squatting,Squatting
1414,47.13333333333333,141.273738038235,140.52999617793367,143.14410069076857,52.99248223739498,Squatting,Squatting
1415,47.166666666666664,138.17469717249654,138.27902605275517,139.83321391368918,51.89207194816041,Squatting,Squatting
1416,47.2,135.11689233329506,135.91428299389872,136.61474128951363,51.47211355908867,Squatting,Squatting
1417,47.233333333333334,133.86685295391896,133.60262695563728,133.61734795707065,51.55962692345088,Squatting,Squatting
1418,47.266666666666666,131.1476479107519,131.07999509891138,130.67664140277046,51.8996823589699,Squatting,Squatting
1419,47.3,128.09556304065774,128.5841706704379,127.88610157763829,51.8577712796294,Squatting,Squatting
1420,47.333333333333336,126.35941097528067,126.22833938942048,125.18046969006159,51.42235215959673,Squatting,Squatting
1421,47.36666666666667,123.86985934040449,123.701907326226,122.31050886709798,50.88767285936828,Squatting,Squatting
1422,47.4,120.24478623344446,120.74121203689731,119.10258939885077,50.18164508098057,Squatting,Squatting
1423,47.43333333333333,117.43859149168652,117.18351415287832,115.45194980015478,49.55083819883761,Squatting,Squatting
1424,47.46666666666667,113.57489496544335,112.64675933467194,110.91466978897769,48.972783616584884,Squatting,Squatting
1425,47.5,109.17298917251254,107.60143942432184,105.8111209633461,48.490623454295935,Squatting,Squatting
1426,47.53333333333333,102.66904228460898,102.0922071050109,100.27927062745061,48.13084049298465,Squatting,Squatting
1427,47.56666666666667,94.85851927407424,96.69682015423136,94.81416418133148,47.68040955418528,Squatting,Squatting
1428,47.6,89.70687184764384,91.70687728829593,89.59923831207027,47.283802821052014,Squatting,Squatting
1429,47.63333333333333,87.61646371950347,87.31026104399938,84.92687638600637,46.73601049879684,Squatting,Squatting
1430,47.666666666666664,83.36866412442578,83.90757165946691,81.13423951179108,46.25254807610321,Squatting,Squatting
1431,47.7,81.9767911105115,81.14162787753199,77.98980113724538,45.955594993883274,Squatting,Squatting
1432,47.733333333333334,79.2742212196232,78.53787634467696,75.19239821595173,45.79770736187424,Squatting,Squatting
1433,47.766666666666666,75.72392813741938,75.43300272324404,72.15805540075367,45.78710017687786,Squatting,Squatting
1434,47.8,73.24889657411123,72.05745187000457,68.86636542413153,45.656175470032935,Squatting,Squatting
1435,47.833333333333336,68.29631515401172,68.9913771138964,65.77564905899067,45.59564888842085,Squatting,Squatting
1436,47.86666666666667,65.27798895419335,66.19067446672787,62.99811936022065,45.582747291595666,Squatting,Squatting
1437,47.9,63.332370453216576,64.23860717303667,61.02723063825587,45.51512521959834,Squatting,Squatting
1438,47.93333333333333,62.7478151389595,62.88737293070744,59.60291923047724,45.58231415802693,Squatting,Squatting
1439,47.96666666666667,62.57602857482235,62.0590264330486,58.82992786174958,45.64537319210753,Squatting,Squatting
1440,48.0,62.56312381774581,61.86322403770206,58.47550370052908,45.8976875155245,Squatting,Squatting
1441,48.03333333333333,62.31945569086448,61.91906260043412,58.44389203492309,46.17487325007085,Squatting,Squatting
1442,48.06666666666667,61.50674642027781,62.093121175857235,58.45255321702728,46.403632262551476,Squatting,Squatting
1443,48.1,61.94508058017476,62.406074303240935,58.622451656785685,46.50287269704174,Squatting,Squatting
1444,48.13333333333333,62.72611765495682,62.87496213251346,58.88560991733816,46.64499879000108,Squatting,Squatting
1445,48.166666666666664,63.79562227370021,63.216586739133525,59.15201567019782,46.682673181697155,Squatting,Squatting
1446,48.2,64.30630034064299,64.00826712531465,59.76651745045031,46.82624325875085,Squatting,Squatting
1447,48.233333333333334,65.35003510670256,64.93296024033461,60.429674925141164,46.65568192625888,Squatting,Squatting
1448,48.266666666666666,65.50101177838357,65.4836320975435,60.87366208843978,46.34404286800779,Squatting,Squatting
1449,48.3,65.64981408216035,66.3152077375333,61.551272183440325,45.97994878551288,Squatting,Squatting
1450,48.333333333333336,69.44050170201855,68.09394098886102,63.006239435436036,45.50888846476624,Squatting,Squatting
1451,48.36666666666667,69.31455790978443,70.24728318432923,65.02767770885582,45.028849233262655,Squatting,Squatting
1452,48.4,71.16624708736983,72.87414809223738,67.5493145890227,44.602700381968546,Squatting,Squatting
1453,48.43333333333333,77.27564431459656,76.34601112657045,70.97960355608335,44.29439580046425,Squatting,Squatting
1454,48.46666666666667,82.25997009891,80.55785627995355,75.24784707312274,44.48655630576771,Squatting,Squatting
1455,48.5,83.64614525697768,84.99024750993486,79.81007230398191,44.9608261103894,Squatting,Squatting
1456,48.53333333333333,89.29608473847945,90.143981751842,84.89499552373074,45.920951346877914,Squatting,Squatting
1457,48.56666666666667,95.92503424345675,95.4209737068131,90.03173872827409,46.898131788045916,Squatting,Squatting
1458,48.6,101.18810234767639,100.41066359563102,95.0679089754744,47.80563042373229,Squatting,Squatting
1459,48.63333333333333,105.80606390578835,105.72919626790711,100.35463819660394,48.66473230811125,Squatting,Squatting
1460,48.666666666666664,110.44531926611624,111.24847948355237,105.97181715166995,49.31835387846447,Squatting,Squatting
1461,48.7,116.30472518048295,116.38207844623021,111.5723340560799,49.92092721433957,Squatting,Squatting
1462,48.733333333333334,120.40436843381302,121.1874317120106,116.98620099769475,50.72807717356151,Squatting,Squatting
1463,48.766666666666666,125.89537842527889,125.74974856904218,122.23837882649296,51.66626025751324,Squatting,Squatting
1464,48.8,130.9003374594854,130.3612289045404,127.68369346317402,53.10548933010973,Squatting,Squatting
1465,48.833333333333336,134.86260031247267,134.79544605690182,132.94920151529806,55.66405954825168,Squatting,Squatting
1466,48.86666666666667,138.22578198585046,138.80161360774335,137.77669251218188,59.31894830404715,Squatting,Squatting
1467,48.9,141.77379325883032,142.34527452721326,142.27392879838314,64.50130202172816,Squatting,Squatting
1468,48.93333333333333,146.43642181248177,145.2346122640562,146.31885481828814,70.40306476092488,Squatting,Standing
1469,48.96666666666667,147.87440147738232,147.67047230906667,149.9392045594747,76.92669779356856,Standing,Standing
1470,49.0,149.70482521888712,149.61547554179728,153.10911707189575,83.89110965477715,Standing,Standing
1471,49.03333333333333,151.19555945669575,151.31235898869375,156.07693621897008,91.47332854984123,Standing,Standing
1472,49.06666666666667,152.68514846434394,152.72723575377879,158.61116149589498,100.09055796518643,Standing,Standing
1473,49.1,154.00362274934955,153.87628024312198,160.80753707921735,108.83658668242022,Standing,Standing
1474,49.13333333333333,155.00942259235723,155.4132690303763,163.1628116603974,118.05707989992511,Standing,Standing
1475,49.166666666666664,157.26527652327522,157.01620899649788,165.3540392338378,128.2555302029821,Standing,Standing
1476,49.2,158.56871313974702,158.8502418529703,167.69210552092377,138.27901440699233,Standing,Standing
1477,49.233333333333334,160.22026255172705,160.96570867395434,170.39232889397502,147.7762647768501,Standing,Standing
1478,49.266666666666666,163.29669835036236,163.09203831205753,173.11267304304758,155.79146163820457,Standing,Standing
1479,49.3,165.20914581428022,165.10606892932512,175.76326081438935,162.67645412949562,Standing,Standing
1480,49.333333333333336,167.59782821027684,166.89578428341738,178.2566120317557,168.62070920562775,Standing,Standing
1481,49.36666666666667,169.3083285047738,168.623871351064,179.0557206437478,173.30777063305018,Standing,Standing
1482,49.4,169.5910255528984,170.17242049722287,176.44784933852893,176.6638173443981,Standing,Standing
1483,49.43333333333333,170.84299171786077,171.43765391082553,174.11179303659404,178.70865735275294,Standing,Standing
1484,49.46666666666667,172.3727063170215,172.58306207389043,172.14538185532277,179.9634063543292,Standing,Standing
1485,49.5,173.93892721656331,173.55225199010812,170.38772024156012,179.02371721126437,Standing,Standing
1486,49.53333333333333,175.03545348428142,174.53713428064248,168.7616019710956,178.41491003276937,Standing,Standing
1487,49.56666666666667,175.4455517608273,175.4925185186204,167.30430439394596,178.14338540516292,Standing,Standing
1488,49.6,175.82051878652848,176.1950689186759,166.24365106514105,178.4078721919695,Standing,Standing
1489,49.63333333333333,176.56836535673065,176.6412286148224,165.5425390182793,178.63319204079664,Standing,Standing
1490,49.666666666666664,177.24201068187205,177.05892309947401,164.8527884864249,179.07832736244947,Standing,Standing
1491,49.7,177.47145786320152,177.40436278463216,164.1975195174932,179.3888916960106,Standing,Standing
1492,49.733333333333334,177.75822166350298,177.79664162043233,163.5171866405059,179.71141114594195,Standing,Standing
1493,49.766666666666666,177.75822166350298,178.0668976546097,163.0645513046121,179.9985600657542,Standing,Standing
1494,49.8,178.5156358885142,178.19859041037873,162.80521732282781,179.84033567434676,Standing,Standing
1495,49.833333333333336,178.14753208615846,178.19945794675772,162.6096570717617,179.75719285381044,Standing,Standing
1496,49.86666666666667,178.5818057571074,178.25755790393706,162.47746326035036,179.91058182745246,Standing,Standing
1497,49.9,178.14753208615846,178.3555619496562,162.3548332193207,179.97202155167207,Standing,Standing
1498,49.93333333333333,178.14753208615846,178.47584368905504,162.15595118031055,179.85812637940805,Standing,Standing
1499,49.96666666666667,178.14753208615846,178.5925874212954,161.99126502782403,179.63597230933541,Standing,Standing
1500,50.0,178.90603746769986,178.79259975939974,161.73883773624007,179.25182459844362,Standing,Standing
1501,50.03333333333333,178.90603746769986,178.71056976386126,161.81031834954834,178.68589279156797,Standing,Standing
1502,50.06666666666667,178.53793366548734,178.3950659125709,162.22407974665384,177.80015616970968,Standing,Standing
1503,50.1,178.03009369802766,177.5592107529758,163.3532710984596,176.38487461060976,Standing,Standing
1504,50.13333333333333,176.66723642500818,176.20076684485988,165.19229939124972,174.79819361410972,Standing,Standing
1505,50.166666666666664,174.41199204992384,174.57279176853822,167.50671920718491,171.9320307779387,Standing,Standing
1506,50.2,172.5322792649016,172.84706008549514,170.0705605553662,167.32781090140557,Standing,Standing
1507,50.233333333333334,170.25452908694405,170.95855391453244,172.9097948341341,159.06013152344465,Standing,Standing
1508,50.266666666666666,168.66029534718513,169.02197635960871,175.78177356628672,147.73739013096397,Standing,Standing
1509,50.3,167.7265048337664,166.91382333326627,178.75183676475592,133.5215253120426,Standing,Standing
1510,50.333333333333336,165.1756871288989,164.7212824579966,178.25222835165704,118.18967544170728,Standing,Standing
1511,50.36666666666667,162.3659164804523,162.19409050743386,175.08479063900376,104.48406116359118,Standing,Standing
1512,50.4,159.7389177714383,159.54734755377663,171.7787537759005,93.89342630359602,Standing,Standing
1513,50.43333333333333,155.94963173352414,156.836925858014,168.51646755079292,86.21814131678165,Standing,Standing
1514,50.46666666666667,153.8954884866336,154.1145911508999,165.27667015446184,80.23249093733362,Standing,Standing
1515,50.5,151.2143881945599,151.60795473254493,162.35180302767878,75.74868522536596,Standing,Standing
1516,50.53333333333333,149.84684214897467,149.388372025645,159.67036984147177,71.87122981201719,Standing,Standing
1517,50.56666666666667,147.78296156999562,147.30988983778659,156.9739516737301,67.39412427154085,Standing,Standing
1518,50.6,145.06256018927294,145.39529979407087,154.39777235999438,62.984169277539294,Standing,Standing
1519,50.63333333333333,142.9448546218144,143.2937098161945,151.4545694370635,58.83416725692167,Squatting,Squatting
1520,50.666666666666664,141.50150769120694,141.22257040655361,148.1974030869904,55.41626745856637,Squatting,Squatting
1521,50.7,138.76465420671312,138.80397496145704,144.449510156143,53.333836869216796,Squatting,Squatting
1522,50.733333333333334,136.38320555794493,136.2864381100633,140.5495123924788,51.90054946785295,Squatting,Squatting
1523,50.766666666666666,133.92750538209086,133.65975472869866,136.75147867895637,50.9641065406189,Squatting,Squatting
1524,50.8,130.9654018084018,130.91491263948302,133.09360661533012,50.12372231762927,Squatting,Squatting
1525,50.833333333333336,127.03820201132109,127.88807205566057,129.42118575777465,49.23803159300155,Squatting,Squatting
1526,50.86666666666667,124.41073114846321,124.6023183704023,125.70156887869231,48.322967713557595,Squatting,Squatting
1527,50.9,121.36910232029689,120.77575546378584,121.80007742056142,47.2091289796801,Squatting,Squatting
1528,50.93333333333333,117.7532910564516,116.47597320631178,117.71819074402856,46.35432003140766,Squatting,Squatting
1529,50.96666666666667,112.45613816996524,112.2893486988317,113.65893751735706,46.06715389677529,Squatting,Squatting
1530,51.0,107.50989778994011,108.26960597171136,109.54347821974953,46.110818487148876,Squatting,Squatting
1531,51.03333333333333,102.62737537742974,104.23423832597732,105.22888372206462,46.31512778585389,Squatting,Squatting
1532,51.06666666666667,99.73529286468367,100.2098661873076,100.76153810802877,46.61542219831569,Squatting,Squatting
1533,51.1,97.45614337456855,96.05822621659624,96.14425503775861,46.66916833584401,Squatting,Squatting
1534,51.13333333333333,93.52136131820308,92.03203748775066,91.64449781263805,46.51888875937668,Squatting,Squatting
1535,51.166666666666664,88.28056799783073,87.87833226261581,86.99887940959375,46.10935396107117,Squatting,Squatting
1536,51.2,82.57888406743717,83.83122486438224,82.63635731096525,45.64387134294837,Squatting,Squatting
1537,51.233333333333334,78.69123646977432,79.77121158161988,78.43505250074432,45.26801526757348,Squatting,Squatting
1538,51.266666666666666,76.04198830089399,75.99317487975989,74.5469572574588,44.794931862157206,Squatting,Squatting
1539,51.3,72.60285991618372,72.17837294973845,70.85785648866593,44.58875445345146,Squatting,Squatting
1540,51.333333333333336,70.39804407608446,69.15391148944406,67.85356029033969,44.56437751979337,Squatting,Squatting
1541,51.36666666666667,67.52316018753325,67.19048810740456,65.66974743589913,44.50567495681826,Squatting,Squatting
1542,51.4,64.70609179451628,66.04541938402784,64.07001889699842,44.56448902371854,Squatting,Squatting
1543,51.43333333333333,62.72696286873342,65.42630900017085,63.0921726624346,44.57610538932808,Squatting,Squatting
1544,51.46666666666667,66.23354070914948,65.44170011737019,62.678207285776935,44.55971826231059,Squatting,Squatting
1545,51.5,68.4980844899847,66.13386942311482,62.909223567923114,44.65191136360966,Squatting,Squatting
1546,51.53333333333333,68.74039385771063,67.3925708084502,63.70310076728696,44.77840222440463,Squatting,Squatting
1547,51.56666666666667,67.39719244342719,69.091180053784,65.00913774941861,44.89226067828645,Squatting,Squatting
1548,51.6,69.1399426465611,70.354346119239,65.98077326282393,44.77415015697097,Squatting,Squatting
1549,51.63333333333333,71.87909310874878,70.75968713171672,66.52398481397222,44.660307131185114,Squatting,Squatting
1550,51.666666666666664,72.32990186838789,71.09959013436261,66.99337594317386,44.47894578458337,Squatting,Squatting
1551,51.7,73.52235647479252,72.29238830960011,68.19757419869951,44.1771144667478,Squatting,Squatting
1552,51.733333333333334,72.47490044533171,73.99792896508262,70.01627290704226,43.869006426473966,Squatting,Squatting
1553,51.766666666666666,73.86984674289363,75.18335354943164,71.55310825135658,43.68819390100744,Squatting,Squatting
1554,51.8,76.29512768155814,76.98242902533906,73.71339230567878,43.40294450571741,Squatting,Squatting
1555,51.833333333333336,82.04063807556346,79.54546488307895,76.55224133354265,43.387723970857145,Squatting,Squatting
1556,51.86666666666667,83.19574043740121,82.85196264854676,79.93857889704552,43.5933847010886,Squatting,Squatting
1557,51.9,84.91989005046076,87.03040928572938,84.16742489097348,44.35355105770701,Squatting,Squatting
1558,51.93333333333333,91.73790674818073,91.34354491617624,88.35454931041289,45.51294176496426,Squatting,Squatting
1559,51.96666666666667,95.4567510592817,95.55680779291936,92.60434435369298,46.721277060879736,Squatting,Squatting
1560,52.0,101.11912896592945,100.13926199794871,97.29417744711176,48.03250337045281,Squatting,Squatting
1561,52.03333333333333,106.18274581895466,105.62778934244074,103.05107094302667,49.44716007721216,Squatting,Squatting
1562,52.06666666666667,110.0231494922563,111.18510694689805,109.14658403427792,51.1392462446504,Squatting,Squatting
1563,52.1,114.85444512977729,116.47802352903282,115.17168049677332,53.21472096057358,Squatting,Squatting
1564,52.13333333333333,120.98831537302394,121.65998891832972,121.11730129504674,55.52455678190898,Squatting,Squatting
1565,52.166666666666664,127.12926023685108,126.39521906461806,126.44296517719877,58.94336537836008,Squatting,Squatting
1566,52.2,131.70621278755476,130.72430966323603,131.06230858905073,63.56942213561952,Squatting,Squatting
1567,52.233333333333334,135.12851805004792,134.75079124804563,135.27526274792015,69.39352503039535,Squatting,Squatting
1568,52.266666666666666,138.36974033021139,138.44154287759415,139.11834321337608,75.30373749186761,Squatting,Squatting
1569,52.3,141.46807074437487,141.60806805937472,142.5184636429588,81.12150424815228,Squatting,Squatting
1570,52.333333333333336,144.0383478288693,144.5902648240174,145.75597361536742,86.984362342567,Squatting,Squatting
1571,52.36666666666667,147.1947023083857,147.46484740562352,149.21829330780753,93.53456522572996,Squatting,Standing
1572,52.4,150.13760245584368,150.05860476032416,152.62650716379713,100.89389055542344,Standing,Standing
1573,52.43333333333333,152.33758318045832,152.1900414074035,155.78228479289123,109.30630151424354,Standing,Standing
1574,52.46666666666667,154.95889021748008,153.88851444682737,158.57461799018535,118.96136668144639,Standing,Standing
1575,52.5,155.579041718187,155.05937895080626,160.7768568839436,129.75679247601866,Standing,Standing
1576,52.53333333333333,155.93808860244164,156.04928102531161,162.56667730872562,140.38799457171945,Standing,Standing
1577,52.56666666666667,156.66925788489903,157.18511477704843,164.37540801708226,149.75175400441492,Standing,Standing
1578,52.6,157.85799472518102,158.60241919431058,166.53196189031405,157.902946085076,Standing,Standing
1579,52.63333333333333,159.45710462063266,160.42733277855126,169.05613316948705,164.80617976885375,Standing,Standing
1580,52.666666666666664,163.07929160626202,162.8275832796605,172.19084229604405,170.72562520994575,Standing,Standing
1581,52.7,165.88978261096761,165.4699118333037,175.74295074422716,175.29288794570363,Standing,Standing
1582,52.733333333333334,168.19657967822133,167.99206010138792,179.2342736691244,178.3958573082702,Standing,Standing
1583,52.766666666666666,170.5950132459764,170.24205687551031,177.4779762272412,179.9189907040445,Standing,Standing
1584,52.8,172.1827044018329,171.9243252446047,174.75802204526394,178.92339070481722,Standing,Standing
1585,52.833333333333336,173.13806753260317,172.9568413368927,172.8679622860585,178.33248313728825,Standing,Standing
1586,52.86666666666667,173.59944791490346,173.68249439869675,171.5771544705287,177.62666855186856,Standing,Standing
1587,52.9,174.36079183268416,174.21317858140327,170.62671375033153,177.1640551770147,Standing,Standing
1588,52.93333333333333,174.2002404223319,174.57598302944166,169.851083037699,176.81676468587108,Standing,Standing
1589,52.96666666666667,174.6976431666409,174.97658477722533,169.11956659034385,176.97075370114086,Standing,Standing
1590,53.0,175.4507318925252,175.50413359928467,168.15301842184266,177.0157830298156,Standing,Standing
1591,53.03333333333333,176.2013214619132,176.0419323835087,167.1207782420882,177.0682878726147,Standing,Standing
1592,53.06666666666667,176.5756026515832,176.60639929381975,166.1002601841257,177.55127126889346,Standing,Standing
1593,53.1,177.3219879882535,177.23965591767,165.02391714300177,178.1363177964403,Standing,Standing
1594,53.13333333333333,177.9214338114114,177.79803060917686,164.0753547977328,178.43390256989935,Standing,Standing
1595,53.166666666666664,177.9852977250604,178.3162718976042,163.33098081109003,178.686624099691,Standing,Standing
1596,53.2,178.74002070486767,178.69552256544668,162.75264594480555,178.52740075242292,Standing,Standing
1597,53.233333333333334,179.10957040121238,178.98541132154526,162.25753533468296,178.70296567041726,Standing,Standing
1598,53.266666666666666,179.4782323904937,179.19658146645972,161.83264287440838,178.6982449816262,Standing,Standing
1599,53.3,179.4782323904937,179.41007780333277,161.34271704377844,178.81429832142015,Standing,Standing
1600,53.333333333333336,179.09391916897218,179.57321331255093,160.8595822539391,179.08176903093465,Standing,Standing
1601,53.36666666666667,179.46166623287718,179.61849441828392,160.51343215161916,179.34994777300042,Standing,Standing
1602,53.4,179.82847158398937,179.69143458322873,160.1888911588808,179.58479170614538,Standing,Standing
1603,53.43333333333333,179.82847158398937,179.73061810998783,159.9928847910863,179.61475393477915,Standing,Standing
1604,53.46666666666667,179.46166623287718,179.66058402346633,160.051353057536,179.39201087279895,Standing,Standing
1605,53.5,179.30762207998455,179.39998051961862,160.7156615174714,179.26619849678033,Standing,Standing
1606,53.53333333333333,178.94213074722632,178.71151299999693,161.96944514175465,179.05680987845753,Standing,Standing
1607,53.56666666666667,177.8403778726095,177.44598950801097,163.94267360813177,179.50863660085994,Standing,Standing
1608,53.6,176.22414093745195,175.8456330626989,166.39988761082438,179.33970900185815,Standing,Standing
1609,53.63333333333333,174.3700821459643,174.0504118563252,169.0210266751563,177.01596961991783,Standing,Standing
1610,53.666666666666664,171.72728700863576,172.19401905160197,171.77481882472077,172.9087866936121,Standing,Standing
1611,53.7,169.08794848767948,170.37482325529922,174.42519098067126,166.92790586556094,Standing,Standing
1612,53.733333333333334,168.33488233532205,168.4126619619064,177.042584331015,158.02684082661938,Standing,Standing
1613,53.766666666666666,167.01898695424455,166.39093481190525,179.55901896734164,146.77536264866595,Standing,Standing
1614,53.8,165.17893192897586,164.21515963807772,177.8726311565962,133.448458965138,Standing,Standing
1615,53.833333333333336,162.26613130190606,162.00361773829167,175.19727437118615,119.62961421125893,Standing,Standing
1616,53.86666666666667,158.58147216062642,159.35667910224055,172.26935314374023,107.42414436572903,Standing,Standing
1617,53.9,156.31839276732177,156.44867522459145,169.05196947852343,97.96754387425953,Standing,Standing
1618,53.93333333333333,153.62466925368622,153.65264736676195,165.9093694697016,90.47432422209155,Standing,Standing
1619,53.96666666666667,151.41740426598278,151.1071612030042,162.93102958689178,84.2782149869104,Standing,Standing
1620,54.0,148.19700277695065,148.97579268176406,160.25205497782719,79.54304655965996,Standing,Standing
1621,54.03333333333333,147.22271970965073,147.0811600096216,157.6528200556722,74.68027828569635,Standing,Standing
1622,54.06666666666667,145.1951125457906,145.37822298641683,155.09162118113443,69.57428013825334,Standing,Standing
1623,54.1,143.50243207159835,143.56236720575222,152.24554385303725,64.72199590985849,Squatting,Squatting
1624,54.13333333333333,142.16518632089662,141.60623480583212,149.0152094766667,60.28892120661777,Squatting,Squatting
1625,54.166666666666664,139.9514080861868,139.5578810174786,145.6799278086424,56.991251267586634,Squatting,Squatting
1626,54.2,137.81956955567455,137.21757228537248,142.08867901867777,54.653482713619105,Squatting,Squatting
1627,54.233333333333334,133.38295904061505,134.6117270344468,138.31354307933725,53.16501057554523,Squatting,Squatting
1628,54.266666666666666,131.3527701708557,131.8685877975955,134.56630079070945,52.49772287892589,Squatting,Squatting
1629,54.3,129.1567004069348,128.86118310312452,130.55919844430025,52.17875490446063,Squatting,Squatting
1630,54.333333333333336,125.99213410095207,125.57358599621263,126.57556453847107,52.29725541625097,Squatting,Squatting
1631,54.36666666666667,122.09810948850813,122.08582200559243,122.53671635153277,52.213332524490575,Squatting,Squatting
1632,54.4,119.55434413607702,118.58440844323238,118.62770416742609,51.92466790904953,Squatting,Squatting
1633,54.43333333333333,114.63473296019785,114.91738130142231,114.68520504039408,51.58859151441726,Squatting,Squatting
1634,54.46666666666667,109.9704516183944,111.25617360985413,110.82243385486191,50.94723488633605,Squatting,Squatting
1635,54.5,106.71065535434481,107.59584753049776,106.95131043499792,50.510681426272185,Squatting,Squatting
1636,54.53333333333333,103.8737714178344,103.40125258319469,102.53923789182555,50.06337547546947,Squatting,Squatting
1637,54.56666666666667,100.60649550157468,98.55921825289887,97.5180599902297,49.533541809412064,Squatting,Squatting
1638,54.6,94.70814245978825,93.7975916144279,92.42808549741555,49.113153361040595,Squatting,Squatting
1639,54.63333333333333,88.54453326186764,88.91942597205123,87.06468540338973,48.650514139868676,Squatting,Squatting
1640,54.666666666666664,82.03303519551787,84.0633913270461,81.75899146537503,48.319683068864,Squatting,Squatting
1641,54.7,78.76004279593076,79.99392677868397,77.53694728110763,47.8723914212152,Squatting,Squatting
1642,54.733333333333334,76.7843064594371,76.14124867902517,73.27375014220262,47.46700807272057,Squatting,Squatting
1643,54.766666666666666,73.34089911123499,72.82044265099493,69.15966420452422,47.0272270985623,Squatting,Squatting
1644,54.8,70.72310272151081,69.5631669091853,64.85897580543049,46.4967540312554,Squatting,Squatting
1645,54.833333333333336,68.29631515401172,65.92323623059559,59.908864873589124,46.15688026846533,Squatting,Squatting
1646,54.86666666666667,59.46272804427999,61.77336559189888,54.45593709677143,45.61269740061048,Squatting,Squatting
1647,54.9,56.70137157843964,57.81440581718173,49.31408947209417,44.99784734245245,Squatting,Squatting
1648,54.93333333333333,54.03948280340094,54.611274325075144,45.18679102523297,44.33797326231748,Squatting,Squatting
1649,54.96666666666667,51.48447868999242,52.14696165477685,42.13592499703335,43.778444723369546,Squatting,Squatting
1650,55.0,51.03370178654274,50.22281836319651,39.83302413961398,43.46354208992897,Squatting,Squatting
1651,55.03333333333333,51.822681807950964,50.44310499164649,40.462229324892505,43.173025861773326,Squatting,Squatting
1652,55.06666666666667,52.387229904790004,51.554286573045225,42.36783155869445,43.15015879508522,Squatting,Squatting
1653,55.1,52.387229904790004,54.21330757824712,46.04556024613074,43.051999985247306,Squatting,Squatting
1654,55.13333333333333,54.075168858800645,58.01715005702997,51.125474855938805,43.193265341215294,Squatting,Squatting
1655,55.166666666666664,63.94113119516882,62.582059757015955,56.99809269918162,43.44046472233645,Squatting,Squatting
1656,55.2,69.9338933230051,68.15501905139516,63.74358349926042,43.75159182346333,Squatting,Squatting
1657,55.233333333333334,75.5303729806039,74.21545128509372,70.9022666457689,44.405507465958095,Squatting,Squatting
1658,55.266666666666666,80.59348988198445,80.75313100932108,78.15170207312114,45.53329362784543,Squatting,Squatting
1659,55.3,86.70515902366355,87.29228379853762,85.0058466641657,47.36256002444053,Squatting,Squatting
1660,55.333333333333336,93.36646066342601,93.42511576572078,90.93808934440588,49.36657666390387,Squatting,Squatting
1661,55.36666666666667,98.79240208747842,99.52970723352318,96.99649029488461,51.28286692509961,Squatting,Squatting
1662,55.4,106.31682792402154,105.63316319841506,103.16748768604509,53.01845423557511,Squatting,Squatting
1663,55.43333333333333,111.3501698717702,111.38905883748647,109.19294334765549,54.43061335308589,Squatting,Squatting
1664,55.46666666666667,116.16870276328619,116.96086513788583,115.0789536659298,56.24823001166235,Squatting,Squatting
1665,55.5,121.26079420245063,121.98183069173116,120.43209714573723,58.58147698393821,Squatting,Squatting
1666,55.53333333333333,127.38289769242385,126.67709706361168,125.29041886937655,61.79556312356527,Squatting,Squatting
1667,55.56666666666667,131.45194261894602,131.035725514778,129.82199755581425,66.50876161247312,Squatting,Squatting
1668,55.6,135.4197417912935,135.10663280223486,133.9674403036178,72.8376322982439,Squatting,Squatting
1669,55.63333333333333,138.24674129135926,138.7759170608982,137.82143463327486,79.6672767070287,Squatting,Squatting
1670,55.666666666666664,142.0301415936814,141.77039992102922,141.13910398491507,86.48876166621297,Squatting,Squatting
1671,55.7,144.56264602170916,144.33697959629185,143.98919752515437,93.38903540164357,Squatting,Squatting
1672,55.733333333333334,146.51026655097556,146.62236746209055,146.63495381257692,99.48603180584533,Squatting,Standing
1673,55.766666666666666,148.9738952811275,148.71406644800123,149.21803314694003,105.23772716997676,Standing,Standing
1674,55.8,150.27278380523518,150.76976637432514,151.90109957597744,111.2212804804483,Standing,Standing
1675,55.833333333333336,152.7452567474884,152.69694396817792,154.48314237593365,117.84287580741186,Standing,Standing
1676,55.86666666666667,153.9990240673028,154.46442377301892,156.96504401452054,125.05151671169183,Standing,Standing
1677,55.9,156.4311313611404,156.03738601823795,159.470996218075,132.67290484657718,Standing,Standing
1678,55.93333333333333,158.24122922534264,157.27306138300509,161.71513743667077,140.10932208567462,Standing,Standing
1679,55.96666666666667,158.92641792578047,158.56032633812504,163.92980024611023,147.32322222272063,Standing,Standing
1680,56.0,159.30967588636238,159.9102450738468,166.1707777654589,154.04498851898933,Standing,Standing
1681,56.03333333333333,160.94390288997658,161.7671336198232,168.82659868583565,160.0396093252331,Standing,Standing
1682,56.06666666666667,162.60321073242648,163.7739196399367,171.50702987047887,165.73026409643293,Standing,Standing
1683,56.1,166.14720913592092,165.95699799276073,174.3307866204789,171.2400600448276,Standing,Standing
1684,56.13333333333333,169.00593123277193,168.20181798249212,177.296340397622,175.63992531945942,Standing,Standing
1685,56.166666666666664,171.68690371448523,170.36402949883188,179.78715407157878,179.2275668015667,Standing,Standing
1686,56.2,172.1236978882439,172.14722856934804,177.02874861521005,178.01710399639606,Standing,Standing
1687,56.233333333333334,172.8842503141643,173.64189212876295,174.4167005974497,176.57916688626239,Standing,Standing
1688,56.266666666666666,174.05780437288718,174.6908579772882,172.34187490765612,175.9904693418427,Standing,Standing
1689,56.3,175.653814269515,175.420664146284,170.79074047430322,175.85741370510817,Standing,Standing
1690,56.333333333333336,176.41056926412037,176.01448915220925,169.4066925006623,176.00823277328044,Standing,Standing
1691,56.36666666666667,177.22058366950546,176.67612863817692,167.96752668700842,176.72906112472623,Standing,Standing
1692,56.4,177.03395910951969,177.07657220432435,166.95698506352616,177.29762982153107,Standing,Standing
1693,56.43333333333333,176.5756026515832,177.303608596578,166.18706963042675,177.81358139647793,Standing,Standing
1694,56.46666666666667,177.3219879882535,177.3817280012757,165.66118176702443,178.44078307661684,Standing,Standing
1695,56.5,177.69403327536892,177.46324481395723,165.22351996853038,178.8918200838631,Standing,Standing
1696,56.53333333333333,177.55251380200994,177.49166101637994,164.8406439431513,179.12690758287545,Standing,Standing
1697,56.56666666666667,177.9214338114114,177.68243218400434,164.35477425881322,179.42265093374988,Standing,Standing
1698,56.6,177.69517402233402,177.8924752309048,164.00083362062347,179.62922496387455,Standing,Standing
1699,56.63333333333333,177.777330231442,178.0340574089378,163.75453586130797,179.9346748358119,Standing,Standing
1700,56.666666666666664,177.9132227237222,178.18524734768374,163.50923991896747,179.89834836493063,Standing,Standing
1701,56.7,178.66784004695526,178.43420081146144,163.22610817100323,179.9262951989856,Standing,Standing
1702,56.733333333333334,178.66784004695526,178.5501143020286,163.07661796316768,179.80575082072653,Standing,Standing
1703,56.766666666666666,178.66784004695526,178.62835827828826,162.96805465151428,179.17036502524036,Standing,Standing
1704,56.8,178.30507832034795,178.61530721768568,163.0386683633875,178.8022256378437,Standing,Standing
1705,56.833333333333336,178.30507832034795,178.12277841186727,163.71944509924936,178.11166605550486,Standing,Standing
1706,56.86666666666667,177.18528861017265,177.21068399133915,164.9195546198618,176.81847991908992,Standing,Standing
1707,56.9,176.50972451565383,175.93006761258752,166.74140121215547,174.8674369259635,Standing,Standing
1708,56.93333333333333,175.03025927158933,174.33253692434565,169.0488963752272,172.46750750437866,Standing,Standing
1709,56.96666666666667,171.75705620209988,172.5874121461193,171.68144352807363,168.84399409349024,Standing,Standing
1710,57.0,170.33311812642677,170.64964714059988,174.77640152668658,163.30059551544798,Standing,Standing
1711,57.03333333333333,168.34398950192488,168.67440459845895,178.02487224456456,154.96669945392722,Standing,Standing
1712,57.06666666666667,166.82744657655886,166.5875895172059,178.60248305319493,144.01849201470057,Standing,Standing
1713,57.1,165.05351876579365,164.5472968701006,175.45315508354156,130.33837617381917,Standing,Standing
1714,57.13333333333333,162.5070817279475,162.50586621720143,172.24336147362703,116.62953065423709,Standing,Standing
1715,57.166666666666664,160.18639001165045,160.27126422298423,168.90958263233136,103.7171908345969,Standing,Standing
1716,57.2,157.9435664728868,158.07426782995284,165.74783500336488,93.31164735614728,Standing,Standing
1717,57.233333333333334,155.78982446709114,155.99512920139202,162.64097200341516,85.13642624273001,Standing,Standing
1718,57.266666666666666,153.68886821445201,154.05805842792532,159.86296208658334,78.48562751425807,Standing,Standing
1719,57.3,152.48349447389305,152.31982436935883,157.2602550770351,72.80499995858519,Standing,Standing
1720,57.333333333333336,150.5996548724053,150.62182041766098,154.67036666515685,68.187075676107,Standing,Standing
1721,57.36666666666667,148.9060767254989,148.66348925680654,151.80705062810864,63.84406632360204,Standing,Standing
1722,57.4,146.6486207195691,146.45700931220173,148.70953534353424,60.06433823130825,Standing,Standing
1723,57.43333333333333,144.43703432980982,144.12447263919233,145.77852667915542,57.49878091813962,Squatting,Squatting
1724,57.46666666666667,141.4927113118718,141.45787393601432,142.4630592665448,56.08181841809591,Squatting,Squatting
1725,57.5,137.63350172349365,138.57853386191894,139.06910563443327,55.33529224274723,Squatting,Squatting
1726,57.53333333333333,135.48947541693087,135.61812899524713,135.77345960266487,55.21717282701786,Squatting,Squatting
1727,57.56666666666667,133.19711238691636,132.46665789779425,132.28280795820385,55.078761323514215,Squatting,Squatting
1728,57.6,129.0505643021586,128.94231031986604,128.5633610210302,54.88019677193101,Squatting,Squatting
1729,57.63333333333333,125.05603121519721,125.32472973055745,124.73996216167686,54.79855873207287,Squatting,Squatting
1730,57.666666666666664,121.92035183443214,121.47675022399655,120.82918454583275,54.7395746032039,Squatting,Squatting
1731,57.7,116.30849336280139,116.8512231716882,116.1553650429471,54.37066378950709,Squatting,Squatting
1732,57.733333333333334,111.8171463378313,111.9469129070433,111.18880537257404,54.18666003021776,Squatting,Squatting
1733,57.766666666666666,108.66535956279323,107.17385431769914,106.3491913125935,53.76457020427685,Squatting,Squatting
1734,57.8,102.76692201187,102.21979760863896,101.23336765112312,53.179799862999715,Squatting,Squatting
1735,57.833333333333336,95.60053841944162,97.38294906525196,96.16495846360601,52.57855027106033,Squatting,Squatting
1736,57.86666666666667,91.81009939511571,92.82231335224137,91.35028051227195,51.971535526913364,Squatting,Squatting
1737,57.9,88.27045757275275,88.3799212223868,86.48981139660437,51.39140376682326,Squatting,Squatting
1738,57.93333333333333,83.87811463607486,83.87611591304697,81.5653136785342,50.90490005543559,Squatting,Squatting
1739,57.96666666666667,81.64885877708276,80.36984352665839,77.6112493645833,50.636422063148146,Squatting,Squatting
1740,58.0,77.70971736308455,78.07243112805192,75.11465621032283,50.36317268674228,Squatting,Squatting
1741,58.03333333333333,74.63749727427859,74.6198423532939,71.16657111164224,50.11944258227703,Squatting,Squatting
1742,58.06666666666667,70.26188328145032,71.29851592124577,67.19277774655636,49.86201266873967,Squatting,Squatting
1743,58.1,70.3461759419773,68.66178517184288,63.88290196672582,49.4356665107966,Squatting,Squatting
1744,58.13333333333333,68.27062563012966,66.05168457291887,60.67148156380738,49.02727236469112,Squatting,Squatting
1745,58.166666666666664,57.2066998812957,63.768999588477286,57.8795332376649,48.64088791242627,Squatting,Squatting
1746,58.2,62.521615214040075,61.23789885601122,54.96422829020804,48.24551007320498,Squatting,Squatting
1747,58.233333333333334,62.32697745032702,59.83021047886712,53.70834095298898,48.192113143870436,Squatting,Squatting
1748,58.266666666666666,57.47615825974165,57.95894063022788,52.23332952926591,48.100487046786654,Squatting,Squatting
1749,58.3,54.9908721738721,55.834981884181985,50.61299623555086,48.05513306285364,Squatting,Squatting
1750,58.333333333333336,52.528216009695,53.08560829052999,48.665522217735486,47.962948465845955,Squatting,Squatting
1751,58.36666666666667,53.40664506390352,48.260314818826934,44.1157234175151,48.01074697097743,Squatting,Squatting
1752,58.4,43.776962491201196,43.79461409308751,39.76531770961062,48.01509959942444,Squatting,Squatting
1753,58.43333333333333,39.10701369714299,40.00478851286679,35.95492548474082,48.09639309824747,Squatting,Squatting
1754,58.46666666666667,34.83022660349694,36.5832079047336,32.45077278899109,47.925431087956,Squatting,Squatting
1755,58.5,33.62384401500454,34.02528987270186,29.72706595680753,47.487073547032736,Squatting,Squatting
1756,58.53333333333333,33.03332152489056,32.64339418467342,28.0671717757038,46.95351915744941,Squatting,Squatting
1757,58.56666666666667,34.58722428583247,34.060386368776264,29.605503275928292,46.574746867643576,Squatting,Squatting
1758,58.6,36.22329284030858,37.35016596208299,32.66291569931308,46.28057243024856,Squatting,Squatting
1759,58.63333333333333,40.698943940441204,43.11541008246667,38.14182785583687,46.171290428232744,Squatting,Squatting
1760,58.666666666666664,49.326906170214784,51.46607437042743,46.05658846078601,46.2340567486664,Squatting,Squatting
1761,58.7,66.61697385755402,62.74574524443761,56.60186931703696,46.75422564940858,Squatting,Squatting
1762,58.733333333333334,80.69311902624445,76.01400290755198,69.12789570765722,47.18710107982868,Squatting,Squatting
1763,58.766666666666666,92.04020829108333,90.04231714755642,82.45240397543095,47.78615899218194,Squatting,Squatting
1764,58.8,100.21783927763403,101.31598738657856,93.25285955766125,48.3566882191154,Squatting,Squatting
1765,58.833333333333336,108.96129878157838,109.71875674695542,101.39449152175081,48.64873056480461,Squatting,Squatting
1766,58.86666666666667,116.05166187483722,116.16473496587705,107.71638060218444,48.63353758841381,Squatting,Squatting
1767,58.9,122.80366409593314,122.38261897364421,114.15508545887472,48.552598165614775,Squatting,Squatting
1768,58.93333333333333,126.516085084031,128.34504892296843,120.39332802191109,48.41975553430264,Squatting,Squatting
1769,58.96666666666667,132.78524487261805,133.53237777622516,125.87250897937055,48.283911629816,Squatting,Squatting
1770,59.0,138.14684849558157,137.48316351202234,130.21880869612818,48.36491087158732,Squatting,Squatting
1771,59.03333333333333,142.36474624491174,140.79434401279647,133.92072503266812,48.81421291021028,Squatting,Squatting
1772,59.06666666666667,143.94855781577434,143.93160474607032,137.42586481555634,49.427576900829294,Squatting,Squatting
1773,59.1,146.3554807938305,146.9614685662014,141.01739356189907,50.5373791449138,Squatting,Standing
1774,59.13333333333333,148.2221817453674,149.68618300663346,144.3737171729794,51.77211367219343,Standing,Standing
1775,59.166666666666664,152.1705294169572,152.4643458311163,147.81409587659752,53.24219803826501,Standing,Standing
1776,59.2,155.96317999423712,155.11589747305334,151.1818952501128,55.0833161179213,Standing,Standing
1777,59.233333333333334,158.08968213000557,157.64323143648338,154.48866647900613,57.20698277191932,Standing,Standing
1778,59.266666666666666,159.8419967571907,159.87105402511827,157.62668714204315,59.65657785295771,Standing,Standing
1779,59.3,161.8991072470328,161.68633833476898,160.35622972793632,62.990441334920284,Standing,Standing
1780,59.333333333333336,162.54148971726855,162.9956443447689,162.61269831840144,67.48022047817592,Standing,Standing
1781,59.36666666666667,164.09771396879228,163.91791004584442,164.41068846884616,73.80930417271819,Standing,Standing
1782,59.4,165.12666922533342,164.65210512745486,166.10750135919773,82.18252184671309,Standing,Standing
1783,59.43333333333333,165.27469279417676,165.24074482921466,167.788620447248,92.68888217051993,Standing,Standing
1784,59.46666666666667,165.89999407686796,165.74346263822326,169.16826079392573,105.02816697935938,Standing,Standing
1785,59.5,165.87012429177784,166.3580003305841,170.6126826345982,118.93688894657856,Standing,Standing
1786,59.53333333333333,166.85472822776558,167.23984665464477,172.354254264509,132.84753911253657,Standing,Standing
1787,59.56666666666667,168.13994358885753,168.2625929147271,174.26490761165476,145.10674252097127,Standing,Standing
1788,59.6,169.4064777438258,169.59996475906394,176.60042754658545,155.44549256402442,Standing,Standing
1789,59.63333333333333,171.00788477979086,170.90425490007058,178.92661206759522,163.29312786603074,Standing,Standing
1790,59.666666666666664,173.0682176044877,172.33975929916608,178.62158800897475,169.00866412767508,Standing,Standing
1791,59.7,173.12398021022682,173.50829116821814,176.2743784208295,173.08907986461466,Standing,Standing
1792,59.733333333333334,174.71808555694165,174.4703985764283,174.0184091980289,176.21446064434824,Standing,Standing
1793,59.766666666666666,174.89731438064578,175.24488554985794,172.1243943997066,178.30436556272167,Standing,Standing
1794,59.8,176.06436108556073,175.7084378413748,170.84934086094572,179.82732086428132,Standing,Standing
1795,59.833333333333336,175.75506780882708,175.83495538333278,169.9997561346074,178.94813792494145,Standing,Standing
1796,59.86666666666667,176.13069035251513,175.81742116296803,169.3250237906486,178.151230190152,Standing,Standing
1797,59.9,176.03190462366803,175.59333115292213,168.87477619780748,177.5621682994494,Standing,Standing
1798,59.93333333333333,175.27675011017755,175.56776377447048,168.32367567529815,177.25167191224392,Standing,Standing
1799,59.96666666666667,174.89351542738558,175.60753932388735,167.8209496243575,176.982045437371,Standing,Standing
1800,60.0,175.26435671819132,175.8164532938048,167.16357796465974,176.65012840449083,Standing,Standing
1801,60.03333333333333,176.3873530853908,176.12600790088223,166.48478937427427,176.38425938257888,Standing,Standing
1802,60.06666666666667,177.21805279616123,176.52984253898816,165.80839018504045,176.17665096543257,Standing,Standing
1803,60.1,177.27417487388414,177.14118755656952,165.16972978993894,176.03737555641572,Standing,Standing
1804,60.13333333333333,177.1966506546121,177.54480281005345,164.79326841221115,175.8985412658957,Standing,Standing
1805,60.166666666666664,177.81796687529308,177.80551815441578,164.5767050858353,175.61283022125752,Standing,Standing
1806,60.2,177.81796687529308,178.01135972962737,164.4380752882243,175.42807039710965,Standing,Standing
1807,60.233333333333334,178.57427062702865,178.14962187134594,164.31623462755852,175.23822229473706,Standing,Standing
1808,60.266666666666666,177.81796687529308,178.29939181240124,164.16660913459032,175.10048926266984,Standing,Standing
1809,60.3,178.57427062702865,178.345631514453,164.07084077604915,174.99119660573902,Standing,Standing
1810,60.333333333333336,178.57427062702865,178.32855177021625,163.94551481975134,175.0692600691896,Standing,Standing
1811,60.36666666666667,177.81796687529308,178.26612093864503,164.04469333474057,175.45519734314914,Standing,Standing
1812,60.4,177.81796687529308,177.928100401022,164.47173146562434,176.42044352683965,Standing,Standing
1813,60.43333333333333,177.4498218535863,177.41399104138057,165.28860509936715,178.2290250449696,Standing,Standing
1814,60.46666666666667,177.13474464957903,176.55174720302867,166.5473511681522,179.04765807473984,Standing,Standing
1815,60.5,175.6432227610164,175.37081369882205,168.31325413685883,175.72539580269643,Standing,Standing
1816,60.53333333333333,173.75452240392173,173.99106752940213,170.4120755565421,171.22216120368387,Standing,Standing
1817,60.56666666666667,172.24636417725594,172.4739663536973,172.76576764288305,165.46063158558985,Standing,Standing
1818,60.6,170.72487333600844,170.69024580316096,175.24875277426173,156.78772657417503,Standing,Standing
1819,60.63333333333333,168.2835571915916,168.69122396286937,177.882078329242,145.98050614033497,Standing,Standing
1820,60.666666666666664,167.1593209877838,166.7228044816502,179.6984728666749,133.11767333408218,Standing,Standing
1821,60.7,165.35867696028507,164.62423889498336,177.18511220531823,119.70724560332937,Standing,Standing
1822,60.733333333333334,161.85569671307874,162.49650857018642,174.78613389216008,107.40084767704748,Standing,Standing
1823,60.766666666666666,159.85190398040763,160.29636329810103,172.18432946127714,97.67076740183607,Standing,Standing
1824,60.8,158.30712910033037,158.163608505351,169.62108213988373,90.80584007656097,Standing,Standing
1825,60.833333333333336,156.01088932559077,155.99609898848806,166.93283639639208,85.57423239881726,Standing,Standing
1826,60.86666666666667,154.6044127764132,154.24263409444796,164.59288610808224,81.53016816880255,Standing,Standing
1827,60.9,152.26027883636482,152.77375106880052,162.3146212698998,77.92747772757556,Standing,Standing
1828,60.93333333333333,150.9202249373548,151.14729250412654,159.90836565687604,73.62431455578331,Standing,Standing
1829,60.96666666666667,149.49298729411728,149.53893416746325,157.20892247303706,69.04198791626118,Standing,Standing
1830,61.0,148.52888183720262,147.88266630766188,154.32702875807772,64.57612645022597,Standing,Standing
1831,61.03333333333333,145.63761224098496,145.77349608310652,150.85052897619292,60.4830941338993,Standing,Standing
1832,61.06666666666667,142.9887063934344,143.1033173096098,146.85531290646574,57.88916631590088,Squatting,Squatting
1833,61.1,140.62941214396042,139.92053499272464,142.2968306400453,56.511937337209474,Squatting,Squatting
1834,61.13333333333333,136.56351643853586,136.66502862584227,137.76364685882055,55.651998583993034,Squatting,Squatting
1835,61.166666666666664,132.12024593551308,133.30953935038545,133.3219405797055,55.12860146006507,Squatting,Squatting
1836,61.2,128.6588613259257,129.59426515366556,128.8480105231248,54.89762137597879,Squatting,Squatting
1837,61.233333333333334,125.70472040760875,125.04020030636455,123.78021496598379,54.570365429604614,Squatting,Squatting
1838,61.266666666666666,122.24211127368933,119.78975985021093,118.23081075047764,53.64415204500336,Squatting,Squatting
1839,61.3,115.92130546286847,113.91933832717919,112.06766131381373,52.56135511696502,Squatting,Squatting
1840,61.333333333333336,105.67477007498931,107.40247975729598,105.39447894526793,51.16429952065659,Squatting,Squatting
1841,61.36666666666667,99.275554292781,100.83435772634313,98.66183313036345,49.7809236918357,Squatting,Squatting
1842,61.4,93.8242223253704,94.96400906930786,92.60674199482843,48.93890350980302,Squatting,Squatting
1843,61.43333333333333,88.7864882199524,89.79788538370073,87.2304290251493,48.399468006036,Squatting,Squatting
1844,61.46666666666667,86.29255423026075,86.17256988116792,83.24913636189822,47.914404460008086,Squatting,Squatting
1845,61.5,85.13826785620448,84.06315482056841,80.69694044899066,47.83473160297258,Squatting,Squatting
1846,61.53333333333333,82.23401737198498,81.79970652633556,77.95155339747141,47.783576882420846,Squatting,Squatting
1847,61.56666666666667,78.98616710966695,79.95335337371951,75.63385412729787,47.62246749148831,Squatting,Squatting
1848,61.6,78.65670011338618,78.82743457294299,74.1709342385135,47.40626682266856,Squatting,Squatting
1849,61.63333333333333,76.2375572880406,76.14025347074036,71.07304176618734,47.438203334078565,Squatting,Squatting
1850,61.666666666666664,72.14731876253953,71.94197588364746,66.58485562648319,47.40011296481741,Squatting,Squatting
1851,61.7,71.63001235053885,68.5139844599319,62.93199734008881,47.27413686533372,Squatting,Squatting
1852,61.733333333333334,67.64768653447169,64.94376654218917,59.097582245574614,47.141426334099805,Squatting,Squatting
1853,61.766666666666666,54.687830642993376,60.49785776431284,54.44611344104959,47.187507894462975,Squatting,Squatting
1854,61.8,52.91013966775589,55.63695432597752,49.30108406643956,47.19182760158754,Squatting,Squatting
1855,61.833333333333336,56.04094018039551,50.04643150291324,43.42278535134408,47.14197616429673,Squatting,Squatting
1856,61.86666666666667,47.78183014281273,45.35377579630073,38.62488297757127,46.93843889708282,Squatting,Squatting
1857,61.9,41.56636963764971,42.85397747997886,36.20226478625956,46.60781210740841,Squatting,Squatting
1858,61.93333333333333,38.62232328766915,42.71503855470568,36.43841298576993,46.28069377416189,Squatting,Squatting
1859,61.96666666666667,37.874983651205895,40.979070277352314,34.91120098177899,46.17151672460543,Squatting,Squatting
1860,62.0,43.23714959222027,40.180294273004776,34.56956312911269,46.06652101619054,Squatting,Squatting
1861,62.03333333333333,46.60336001904157,41.050314671548584,35.92985371318582,45.92437440453766,Squatting,Squatting
1862,62.06666666666667,45.72312684479981,42.28179667886565,37.446906165516715,45.972118657777564,Squatting,Squatting
1863,62.1,37.27467805003843,44.14868806349468,39.2902349359918,46.564921750083,Squatting,Squatting
1864,62.13333333333333,47.42754452692521,46.78803304800829,41.819105395652656,46.89518534456556,Squatting,Squatting
1865,62.166666666666664,50.21650196747141,50.65187454865037,45.41152072148631,47.28300617772256,Squatting,Squatting
1866,62.2,56.19967358238824,57.47085705796409,51.994530432603355,47.80999944233878,Squatting,Squatting
1867,62.233333333333334,68.67224628308026,67.83815308905591,62.10406036136913,48.646001017757015,Squatting,Squatting
1868,62.266666666666666,78.68783438185149,79.6778140233381,73.80958453310834,49.4327175685486,Squatting,Squatting
1869,62.3,89.92501958728062,88.78286715627964,82.7768228841557,50.208631471235364,Squatting,Squatting
1870,62.333333333333336,97.16780809360904,96.5441443467074,90.80296199453403,50.974277047809714,Squatting,Squatting
1871,62.36666666666667,105.6814334725512,102.84866847092552,97.53328135013463,51.88797400577605,Squatting,Squatting
1872,62.4,107.91132503367605,108.48084032785394,103.56422357662433,52.9959833333646,Squatting,Squatting
1873,62.43333333333333,112.80567345575153,114.2036556715585,109.65685516938557,54.17128572949671,Squatting,Squatting
1874,62.46666666666667,117.08634582030999,119.54172945793478,115.54388810994813,54.941338936301236,Squatting,Squatting
1875,62.5,124.7535691803367,124.7557413992193,121.15121853608954,55.843287020938604,Squatting,Squatting
1876,62.53333333333333,130.45778641778543,129.4680824816758,126.31955257628317,57.1141024906597,Squatting,Squatting
1877,62.56666666666667,135.01824125355463,134.1411899919543,131.22507952624161,58.889850821356546,Squatting,Squatting
1878,62.6,137.92285803962466,138.39803008925617,135.704646362758,60.777611556258,Squatting,Squatting
1879,62.63333333333333,141.91054396793356,142.30366486842297,139.93202250107902,63.01707883992833,Squatting,Squatting
1880,62.666666666666664,144.92149941646167,145.68272384283478,144.03584302349384,65.78063280015938,Squatting,Standing
1881,62.7,149.00652941204802,148.64427623906133,147.9090963488356,69.22005486283881,Standing,Standing
1882,62.733333333333334,152.0280278646136,151.18788124756324,151.62749003263386,73.01897942787717,Standing,Standing
1883,62.766666666666666,153.61914697546896,153.2704381715349,155.26811938137337,76.87867041250004,Standing,Standing
1884,62.8,154.79249929212574,154.64549265352363,158.42557489083026,80.89850307110183,Standing,Standing
1885,62.833333333333336,155.67468662729806,155.74096562149347,161.2394161747163,85.63726922694205,Standing,Standing
1886,62.86666666666667,156.531144240764,156.52330783978363,163.5897064366882,91.76362352827067,Standing,Standing
1887,62.9,157.18050769185916,157.5171362707492,165.55301014199225,99.25521031017239,Standing,Standing
1888,62.93333333333333,158.1702128055828,158.67309489623116,167.4423155677174,108.45336660063668,Standing,Standing
1889,62.96666666666667,160.16653862531365,160.1633319630602,169.26173893350116,119.035736509523,Standing,Standing
1890,63.0,161.77264367263373,161.89579670171602,171.24176007995715,130.122544979997,Standing,Standing
1891,63.03333333333333,164.0377891381721,163.7683428871301,173.3092892108297,140.81176845222924,Standing,Standing
1892,63.06666666666667,165.35393512480908,165.62631915710256,175.4217576006858,150.43084204109797,Standing,Standing
1893,63.1,167.89543754251474,167.45602284335666,177.84284559067336,158.54589895703467,Standing,Standing
1894,63.13333333333333,169.1085605176666,169.13655749630806,179.77737064382006,164.79808791508123,Standing,Standing
1895,63.166666666666664,170.422878144912,170.57241129234046,177.47815109977512,169.93242673903643,Standing,Standing
1896,63.2,171.64352291794043,171.72182006637658,175.31088235401936,173.93419163757574,Standing,Standing
1897,63.233333333333334,173.26398878565473,172.8454191570791,173.3274381309688,176.98318994920396,Standing,Standing
1898,63.266666666666666,173.68884965210174,173.59601088581945,171.6854504740641,179.1216370691826,Standing,Standing
1899,63.3,173.71986969892293,174.16047481959725,170.49294194660985,179.19634552532693,Standing,Standing
1900,63.333333333333336,174.58455364503521,174.47249851017514,169.56311165980566,177.9145933077096,Standing,Standing
1901,63.36666666666667,175.30296911406234,174.61992529617416,168.92105222213385,177.08166945238256,Standing,Standing
1902,63.4,174.42749028015663,174.6748391608491,168.49139250425392,176.3028835311827,Standing,Standing
1903,63.43333333333333,174.42749028015663,174.83170677815866,167.95812115749425,175.87078718665512,Standing,Standing
1904,63.46666666666667,174.83903483187026,175.01226997183485,167.41955124821249,175.5674856382716,Standing,Standing
1905,63.5,175.21104833478574,175.13936030962458,166.8301031101649,175.38741057955917,Standing,Standing
1906,63.53333333333333,175.5824906481309,175.45455464034592,166.01979890868282,175.33564747563,Standing,Standing
1907,63.56666666666667,175.95333193892841,175.94157674154354,165.21285047339066,175.51584840466518,Standing,Standing
1908,63.6,176.27276784593695,176.37365885583213,164.3701522063551,175.80028462398656,Standing,Standing
1909,63.63333333333333,176.63999729694885,176.75208533180052,163.7558323127968,176.20423512190092,Standing,Standing
1910,63.666666666666664,177.31731043584463,177.1868956902369,163.25325468093857,176.77904005732967,Standing,Standing
1911,63.7,177.31731043584463,177.45868680994712,162.93084654684841,177.58911993161635,Standing,Standing
1912,63.733333333333334,177.68316057248725,177.59873792692127,162.66034776249634,178.14849723135777,Standing,Standing
1913,63.766666666666666,177.70877136544343,177.61532420028107,162.58752654762506,178.74131952576673,Standing,Standing
1914,63.8,177.70877136544343,177.53026961665984,162.78181689584073,179.6447299722678,Standing,Standing
1915,63.833333333333336,176.56035503382347,177.00874065232512,163.506798857313,178.65574038535402,Standing,Standing
1916,63.86666666666667,176.32354267205906,176.2061393837615,164.7908217774966,176.5979217244828,Standing,Standing
1917,63.9,175.59891429626666,175.0380815800567,166.5484554829707,173.7153399287973,Standing,Standing
1918,63.93333333333333,174.21845668612264,173.66507868379193,168.5270015923023,169.00316277847443,Standing,Standing
1919,63.96666666666667,171.45923481331255,172.1087904925139,170.89971752070923,161.91406622660955,Standing,Standing
1920,64.0,170.34613426086233,170.5878775654201,173.36930620013175,151.55308293986045,Standing,Standing
1921,64.03333333333333,168.75378402466166,168.94910958753601,175.8102099683336,138.63095848052532,Standing,Standing
1922,64.06666666666666,167.4275549956489,167.3713569398216,178.00178316777502,124.49248778866757,Standing,Standing
1923,64.1,165.9658315638111,166.0087966429655,179.97267178539212,111.65066280549841,Standing,Standing
1924,64.13333333333334,164.957535478397,164.7018951537796,178.01857681399574,101.02355121988559,Standing,Standing
1925,64.16666666666667,163.15390336519235,163.18878577487433,175.76246967660484,93.08522036004315,Standing,Standing
1926,64.2,161.69586323168795,161.6426985252743,173.36812583953486,86.99811823898307,Standing,Standing
1927,64.23333333333333,160.52267777914395,160.2257490770879,171.11496188868398,82.1255645861107,Standing,Standing
1928,64.26666666666667,158.44045389024214,158.84642229949333,168.9139827572374,78.1411993998127,Standing,Standing
1929,64.3,157.154191292109,157.54438979387734,166.70423368464517,74.19722934601224,Standing,Standing
1930,64.33333333333333,156.15506417139545,156.3172846768176,164.64031518586083,70.3251657051553,Standing,Standing
1931,64.36666666666666,155.87481531090654,155.25510774718455,162.76035816410246,66.46792685089225,Standing,Standing
1932,64.4,154.0419690158684,154.24133102400134,160.94122092998987,62.79491542125244,Standing,Standing
1933,64.43333333333334,152.86361861768444,153.01270535833277,158.8833575877039,59.56836208008672,Standing,Standing
1934,64.46666666666667,151.24399323209462,151.40578291371003,156.2579468528501,57.130250193358194,Standing,Standing
1935,64.5,150.25742757362096,149.4368906271843,153.2423542046921,55.56639243956321,Standing,Standing
1936,64.53333333333333,147.01583329404696,146.66595413156227,149.39028341869508,54.48268469950835,Standing,Standing
1937,64.56666666666666,142.99154967711152,143.594156339611,145.2820339998271,53.876981552960004,Squatting,Squatting
1938,64.6,140.42205236734551,140.03345671782608,140.85522780421996,53.635286919115984,Squatting,Squatting
1939,64.63333333333334,136.57669910490492,136.37355672787385,136.35147436039009,53.41111864697207,Squatting,Squatting
1940,64.66666666666667,130.82519921764242,132.6362234232533,131.84208125043295,53.15574550929166,Squatting,Squatting
1941,64.7,128.78896894488273,128.8106764887255,127.31135992173195,52.90273015845484,Squatting,Squatting
1942,64.73333333333333,125.17227598879073,124.37698313422501,122.2805090924297,52.610633145228306,Squatting,Squatting
1943,64.76666666666667,121.08295370448411,119.04838620536928,116.51178153798848,52.326255615912814,Squatting,Squatting
1944,64.8,113.94675228769992,113.40815700930249,110.40026658653026,52.222451260489,Squatting,Squatting
1945,64.83333333333333,106.74303829370858,107.59828909231916,104.14338877953723,51.96045341311559,Squatting,Squatting
1946,64.86666666666666,99.9653665606043,101.85185330650587,97.73881322606539,51.717134660352,Squatting,Squatting
1947,64.9,95.17296787511212,96.9578137507643,92.24636928604387,51.65158704745419,Squatting,Squatting
1948,64.93333333333334,92.93195392157669,93.05650392212668,87.80731619278299,51.446528080785896,Squatting,Squatting
1949,64.96666666666667,90.11950008882373,89.7479528289342,83.93764991661699,51.106822053773755,Squatting,Squatting
1950,65.0,89.17381769882881,86.93590930009158,80.41423731410607,50.74354919122356,Squatting,Squatting
1951,65.03333333333333,85.23300728697275,83.75039692502025,76.77330853460919,50.41735958038914,Squatting,Squatting
1952,65.06666666666666,80.10537883293529,80.76525167898384,73.55095152308425,50.01887804090231,Squatting,Squatting
1953,65.1,76.0608932587619,78.09344144100973,70.78865256070328,49.697478979791526,Squatting,Squatting
1954,65.13333333333334,75.4032025905132,75.71014447984638,68.41528016067086,49.407139638679546,Squatting,Squatting
1955,65.16666666666667,71.9853060818299,73.5197024784652,66.17367297842137,48.903917252078806,Squatting,Squatting
1956,65.2,73.75907619055731,71.60698656035842,64.17423208262963,48.614847258693366,Squatting,Squatting
1957,65.23333333333333,71.2208216635853,69.04119215797797,61.67097904029075,48.42464259850103,Squatting,Squatting
1958,65.26666666666667,66.71925146487638,66.89546529135745,59.451566913451416,48.3599098538194,Squatting,Squatting
1959,65.3,63.89109888158574,63.87119121033583,56.54401454341031,48.3129685475763,Squatting,Squatting
1960,65.33333333333333,59.53919423460194,61.60436480250958,54.29580430359168,48.28445311363355,Squatting,Squatting
1961,65.36666666666666,57.0524899729225,58.768421441322545,51.6695620551262,48.28601076353626,Squatting,Squatting
1962,65.4,59.59608046119458,56.406813252962436,49.446461071466494,48.132938880043305,Squatting,Squatting
1963,65.43333333333334,53.82830505745132,54.313349629627176,47.50381915491165,48.05251708513235,Squatting,Squatting
1964,65.46666666666667,55.01159741608086,52.224910439976604,45.71923202600735,48.00963635661355,Squatting,Squatting
1965,65.5,49.186658432625556,50.62879556470541,44.46358935820848,47.93944788135932,Squatting,Squatting
1966,65.53333333333333,48.68173202699785,49.42544310024562,43.479473692810494,47.720937692544155,Squatting,Squatting
1967,65.56666666666666,48.90370998650951,49.09325094593059,43.33696956191325,47.56970452835103,Squatting,Squatting
1968,65.6,49.963498745944236,50.751356347028846,44.842910822987236,47.57149851728139,Squatting,Squatting
1969,65.63333333333334,53.82830505745132,53.96680764573597,47.806675086900555,47.58031996312257,Squatting,Squatting
1970,65.66666666666667,59.14052283022766,60.4164402659269,53.630161237394,47.75336056976723,Squatting,Squatting
1971,65.7,67.79327779482499,68.51526920578432,60.957527057273566,47.92575646048921,Squatting,Squatting
1972,65.73333333333333,78.63888774550203,78.22170189426316,69.73068328066485,48.06306209752565,Squatting,Squatting
1973,65.76666666666667,91.60328006467681,88.22877844550835,78.94029815109981,48.225983932738764,Squatting,Squatting
1974,65.8,101.16903751455816,96.41506809404983,86.65593514329697,48.50973625851533,Squatting,Squatting
1975,65.83333333333333,102.60776967220598,102.9164171961383,92.8856075240329,49.06858448691179,Squatting,Squatting
1976,65.86666666666666,106.08339124946707,107.83159754385805,97.66576643461072,49.575146048731234,Squatting,Squatting
1977,65.9,110.98272914304755,112.14631194850993,102.0229183633912,50.182104440049834,Squatting,Squatting
1978,65.93333333333334,115.52757986665239,116.83225146349692,106.86229487640507,51.10372955722021,Squatting,Squatting
1979,65.96666666666667,121.89105270916926,122.20515426693309,112.54197588466398,52.15202565383304,Squatting,Squatting
1980,66.0,127.47888706144975,127.78270287776499,118.54676879914948,53.523928476346306,Squatting,Squatting
1981,66.03333333333333,132.68385992468328,132.66895513817423,124.10485359479527,55.478414858054975,Squatting,Squatting
1982,66.06666666666666,137.3759343915688,136.90101375529287,129.1599016235203,58.38980348440029,Squatting,Squatting
1983,66.1,141.02478033835084,140.7654115385115,133.8254289864863,62.15791680518853,Squatting,Squatting
1984,66.13333333333334,144.0598347354839,144.2541817641858,138.23675923831496,66.72425799013163,Squatting,Squatting
1985,66.16666666666667,146.77637356284797,147.27750730899504,142.21194845508793,72.28591756117191,Squatting,Standing
1986,66.2,150.05621845451188,149.95618174641626,145.8308244346787,78.12510452962383,Standing,Standing
1987,66.23333333333333,153.25442916434952,152.35951654654679,149.0673895077855,84.62138906944752,Standing,Standing
1988,66.26666666666667,154.8113578816651,154.71870123999625,152.1712995429191,92.46687230751014,Standing,Standing
1989,66.3,156.23709819269428,156.81774025108882,154.88616821453664,101.11020521347749,Standing,Standing
1990,66.33333333333333,158.2668288087537,158.8943554625991,157.49099586558395,110.8856131678102,Standing,Standing
1991,66.36666666666666,160.8012622068745,160.6696445923283,159.8747981424348,121.34427523802398,Standing,Standing
1992,66.4,162.83368176043643,162.1118166356181,162.029776824466,131.9010872808037,Standing,Standing
1993,66.43333333333334,163.56150191220303,163.51475754692228,164.12231132083008,141.35772945969427,Standing,Standing
1994,66.46666666666667,165.43608779086094,164.7575519039016,166.18304593919294,149.94177865027538,Standing,Standing
1995,66.5,165.51581834493163,166.12338601215788,168.5647104585999,157.14625508393658,Standing,Standing
1996,66.53333333333333,166.29303899580324,167.4523638187258,171.0381398364287,163.66141751553897,Standing,Standing
1997,66.56666666666666,168.3550725364272,168.75915412589882,173.61107562471508,169.69467953778258,Standing,Standing
1998,66.6,170.0403209100939,170.05883723131788,176.2915754860907,175.43958703204748,Standing,Standing
1999,66.63333333333334,172.09462179515708,171.36731247100926,179.08841287581498,178.92832592896124,Standing,Standing
